id,limite_chars,tokens_protegidos,texto_original,texto_traducido,estado,notas
talk_basket_00001,83,<FF03> <FFF5> <FF03>," Eh, I'll think<FF03>about it!<FFF5>I don't mind helping, but my goal is to<FF03>make it to finals",,por_traducir,
talk_basket_00002,535,<FFFD> <00FF> <F500> <FF03> <FFF5> <FF03> <FFFD> <01FF> <F500> <FF03> <FFF5> <FF03> <FFFD> <02FF> <F500> <FF03> <FFF5> <FF03> <FFFD> <03FF> <F500> <FF03> <FFF5> <FF03> <FF02> <FF04> <FFFD> <04FF> <F500>,"<FFFD><00FF><F500> I ain't stupid enough to fall for some<FF03>weak-ass rhetoric.<FFF5>  Shut up, man. The only thing on my mind<FF03>is making it to the pros.<FFFD><01FF><F500>Hahaha. You need me on your team?<FF03>You'd make a good scout.<FFF5> Can a nerd like you tap into the raw<FF03>power of a true baller?<FFFD><02FF><F500> Hey, push your luck and you'll get a<FF03>technical foul.<FFF5>   Think you're better than me or<FF03>somethin'? Ha. Don't waste your time!<FFFD><03FF><F500> Basketball is a gentleman's sport.<FF03>Don't be hatin'.<FFF5>Hmmm? What's that? You want me to kill<FF03>you first?<FF02><FF04>Heheh, sure thing.<FFFD><04FF><F500>Don't say such scary things",,por_traducir,
talk_basket_00003,41,<FF03>," I'm sorry<FF03>about that last foul, so c'mon",,por_traducir,
talk_basket_00004,77,<FFF5> <FF03>,"<FFF5> C'mon, can't ya look the other way? I'm<FF03>gonna be on the dream team some day",,por_traducir,
talk_basket_00005,62,<FFFD> <05FF> <F500> <FF03>,<FFFD><05FF><F500>   Jocks like me always fall for the<FF03>passionate invitations,,por_traducir,
talk_basket_00006,86,<FF02> <FF04> <FFF5> <FF03>,"<FF02><FF04>Well, I'll think about it!<FFF5>I don't mind helping, but my goal is to<FF03>make it to finals",,por_traducir,
talk_basket_00007,217,<FFFD> <06FF> <F500> <FF03> <FFF5> <FF03> <FFFD> <07FF> <F500> <FF03>,"<FFFD><06FF><F500> I can see straight through you. I ain't<FF03>dumb enough to fall for that.<FFF5>  Shut up, man. The only thing on my mind<FF03>is making it to the pros.<FFFD><07FF><F500>Where you tryin' to take me? I'm not<FF03>goin' anywhere that don't got a ball",,por_traducir,
talk_basket_00008,80,<FFF5> <FF03> <FFFD> <08FF> <F500>,"<FFF5>   Oh yeah. I almost forgot about practice.<FF03>Sorry, gotta go.<FFFD><08FF><F500>Your song is all",,por_traducir,
talk_basket_00009,363,<FF03> <FFF5> <FF03> <FFFD> <09FF> <F500> <FF03> <FFF5> <FF03> <FFFD> <0AFF> <F500> <FF03> <FFF5> <FFFD> <0BFF> <F500>," talk.<FF03>That don't hit home at all.<FFF5>Damn, you showin' off in front of me?<FF03>Yeah, so what if I can't sing.?<FFFD><09FF><F500>What are you thinkin'? How can you break<FF03>into song in front of a demon?<FFF5>Those sound waves are whack. Make them<FF03>stop. P-Please.<FFFD><0AFF><F500>   That song ain't half bad. It'd make a<FF03>perfect theme song for me.<FFF5>   Bravo. Bravooo.<FFFD><0BFF><F500>  I'm a sucker for the pleas of a lady",,por_traducir,
talk_basket_00010,82,<FF03> <FFF5> <FF03>,"<FF03>I'll think about it!<FFF5>   I don't mind helping, but my goal is to<FF03>make it to finals",,por_traducir,
talk_basket_00011,482,<FFFD> <0CFF> <F500> <FF03> <FFF5> <FF03> <FFFD> <0DFF> <F500> <FFF5> <FF03> <FFFD> <0EFF> <F500> <FF03> <FFF5> <FF03> <FFFD> <0FFF> <F500> <FF03> <FF02> <FF04>,"<FFFD><0CFF><F500> You think I'm weak enough to be<FF03>persuaded by some girl's sweet talk.?<FFF5>  Shut up, man. The only thing on my mind<FF03>is making it to the pros.<FFFD><0DFF><F500>Hahaha. It ain't easy bein' the man.<FFF5>   You think a girl like you can tap into<FF03>the raw power of a true demon baller?<FFFD><0EFF><F500> I'm tryin' to practice here. Go get in<FF03>some other dude's way, will ya.?<FFF5>Hey lady. You're not a spy from the<FF03>enemy team, are ya.?<FFFD><0FFF><F500> I'm not a very well-known demon, so why<FF03>are you so full of compliments?<FF02><FF04>Creeps me out",,por_traducir,
talk_basket_00012,399,<FFF5> <FF03> <FFFD> <10FF> <F500> <FF03> <FFF5> <FFFD> <11FF> <F500> <FF03> <FFF5> <FF03> <FFFD> <12FF> <F500> <FF03> <FFF5>,"<FFF5>  You plan on beating my mad ballin'<FF03>skills with that kind of attitude?<FFFD><10FF><F500>I'll be the number 23 of the demon<FF03>world pretty soon. Wish me luck.<FFF5>Well, yeah. I can dunk on anyone.<FFFD><11FF><F500>You bookworms say such far-out things!<FF03>Seriously.<FFF5>  Hey, I ain't gonna condone lying, but<FF03>imagination is important in sports.<FFFD><12FF><F500>Hey woman, are you tryin' to pull a<FF03>fast one on me.?<FFF5>   You better not be playin' me, girlie",,por_traducir,
talk_basket_00013,343,<FF03> <FF02> <FF04> <FF03> <FFFD> <13FF> <F500> <FF03> <FFF5> <FF02> <FF04> <FFFD> <14FF> <F500> <FF03> <FFF5> <FF03>,"<FF03>If you are, you're in for it.<FF02><FF04>The rule is, liars get their tongues<FF03>pulled out.<FFFD><13FF><F500>  I don't know what the hell you're<FF03>sayin', but you must mean I'm a genius.<FFF5>  Huh.? I've never heard that before.<FF02><FF04>You should cut back on the TV!<FFFD><14FF><F500>  Don't be scared. I'm a nice guy to the<FF03>ladies.<FFF5> Hey, c'mon, I'm a baller. I would never<FF03>try to beat you down. ",,por_traducir,
talk_basket_00014,594,<FFFD> <15FF> <F500> <FF03> <FFF5> <FF03> <FFFD> <16FF> <F500> <FF03> <FFF5> <FF03> <FFFD> <17FF> <F500> <FFF5> <FF02> <FF04> <FFF5> <FF03> <FFF5> <FF03> <FFFD> <18FF> <F500> <FF03> <FFF5>,"Right?<FFFD><15FF><F500>  You're in the way of my practice.<FF03>Stop your squawkin'.<FFF5> You're not pretending to be scared, are<FF03>ya? You must be a rival team's spy.<FFFD><16FF><F500>  Hahaha. Am I really that incredible?<FF03>Man, I'm a total sensation.<FFF5>   Hahaha. You might be so impressed,<FF03>you'd keel over and die.<FFFD><17FF><F500>  Hahaha. You got guts, hittin' on me.<FFF5>   Wait, what? I mean, really, what the hell?<FF02><FF04>I'm gettin' nervous here!<FFF5>  I don't need men. I want a cute team<FF03>manager, right now.<FFF5>   Shut up. Say another word, and I'll<FF03>crush you.<FFFD><18FF><F500>   Hey, that's a foul! Even if you're<FF03>joking, this--Uh oh, you're serious, huh?<FFF5>   I-I'm a guy",,por_traducir,
talk_basket_00015,329,<FFFD> <19FF> <F500> <FF03> <FFF5> <FFFD> <1AFF> <F500> <FF03> <FFF5> <FF03> <FFFD> <1BFF> <F500> <FF03> <FFF5> <FFFD> <1CFF> <F500>," Want me to prove it?<FFFD><19FF><F500>  You? My fan? Hahaha. It ain't easy<FF03>bein' a genius on the court.<FFF5>Sure thing.<FFFD><1AFF><F500>  Hahaha. That gag's barely a legal play.<FF03>You're a funny guy.<FFF5>Oh, I'm not that into comedy! So, how's life?<FF03>Are ya eatin' right?<FFFD><1BFF><F500>   That's a foul! That was so bad, even<FF03>the ref's against you now.<FFF5>Your jokes are lame.<FFFD><1CFF><F500> Ugh",,por_traducir,
talk_basket_00016,18,, That was horrible,,por_traducir,
talk_basket_00017,260,<FFF5> <FF03> <FFFD> <1DFF> <F500> <FF03> <FFF5> <FF03> <FFFD> <1EFF> <F500> <FF03>,"<FFF5>You're gonna attack me while I'm<FF03>laughing, eh? That's cheap.<FFFD><1DFF><F500> Hahaha. Your face is a thousand times<FF03>funnier than that.<FFF5>   I'm not a gloomy guy, y'know? I always<FF03>wanted an upbeat buddy like you.<FFFD><1EFF><F500>  I may look easygoing, but I've seen<FF03>my share of tough times",,por_traducir,
talk_basket_00018,394,<FFF5> <FFFD> <1FFF> <F500> <FF03> <FFF5> <FF03> <FFFD> <20FF> <F500> <FF03> <FFF5> <FF03> <FFFD> <21FF> <F500> <FF03> <FFF5>,"<FFF5> So, all you humans think about is death?<FFFD><1FFF><F500> Shut up. I'm trying to practice here.<FF03>Go talk somewhere else.<FFF5>  If you got time to talk, you got time<FF03>to practice. No practice, no victory.<FFFD><20FF><F500>  It's kinda nice to talk about somethin'<FF03>other than basketball.<FFF5> I never imagined I'd be talking to<FF03>someone who didn't know basketball.<FFFD><21FF><F500>   You a performer or somethin'? You're<FF03>pretty interesting.<FFF5>   What",,por_traducir,
talk_basket_00019,79,<FFFD> <22FF> <F500> <FFF5> <FF03>," was that?<FFFD><22FF><F500>What.? Hey, cut the crap.<FFF5>  You got a few screws loose or<FF03>somethin",,por_traducir,
talk_basket_00020,24,,Don't scare me like that,,por_traducir,
talk_basket_00021,73,<FFF5> <FF03>,<FFF5> What the? You got somethin' against<FF03>me? I'm just a plain ol' b-ball guy,,por_traducir,
talk_basket_00023,52,<FF03>," Is that gonna help<FF03>my game? Well, it IS interesting",,por_traducir,
talk_basket_00024,395,<FFF5> <FF03> <FFFD> <25FF> <F500> <FF03> <FFF5> <FF03> <FFFD> <26FF> <F500> <FF03> <FFF5> <FF03> <FFFD> <27FF> <F500> <FF03>,"<FFF5>   Ooooh yeah. You're giving that to me<FF03>for free, right?<FFFD><25FF><F500>Are you stupid.? Don't you have anything<FF03>useful, like shoes or a ball?<FFF5> A hoop master like me doesn't need that.<FF03>Don't you have anything practical?<FFFD><26FF><F500>  Haha. It's tough bein' a baller. Well,<FF03>your intentions sound good enough to me.<FFF5>You're pretty interesting. I'll make you<FF03>my manager.<FFFD><27FF><F500> Jock demons are suckers for a passionate<FF03>speech",,por_traducir,
talk_basket_00025,65,<FFF5> <FF03>," Man, I feel pumped.<FFF5> You don't sound much like a high school<FF03>kid",,por_traducir,
talk_basket_00026,557,<FFFD> <28FF> <F500> <FF03> <FFF5> <FF03> <FFFD> <29FF> <F500> <FF03> <FFF5> <FF03> <FFFD> <2AFF> <F500> <FF03> <FFF5> <FF03> <FFFD> <2BFF> <F500> <FF03> <FFF5> <FF03> <FFFD> <2CFF> <F500>," Are you lyin' 'bout your age?<FFFD><28FF><F500> I ain't dumb enough to fall for a cold<FF03>speech like that.<FFF5>   Shut up, man. The only thing on my mind<FF03>is making it to the pros.<FFFD><29FF><F500>Hahaha. You some kinda honor student.?<FF03>Well, whatever.<FFF5> Can a nerd like you tap into the raw<FF03>power of a true baller?<FFFD><2AFF><F500> Hey, push your luck and you'll get a<FF03>technical foul.<FFF5>   Think you're better than me or<FF03>somethin'? Ha. Don't waste your time!<FFFD><2BFF><F500> Basketball is a gentleman's sport.<FF03>Don't be hatin'.<FFF5>You the fool tryin' to step to a baller<FF03>with crazy dunk action?<FFFD><2CFF><F500>  Don't say such scary things",,por_traducir,
talk_basket_00027,41,<FF03>," I'm sorry<FF03>about that last foul, so c'mon",,por_traducir,
talk_basket_00028,61,<FFF5> <FF03>,"<FFF5> Why you yellin', man? I'm just a player<FF03>practicin' his game",,por_traducir,
talk_basket_00029,250,<FFFD> <2DFF> <F500> <FF02> <FF04> <FF03> <FFF5> <FF03> <FFFD> <2EFF> <F500> <FF03> <FFF5>,"<FFFD><2DFF><F500>   You got that right.<FF02><FF04>I've got mad handles, and I'll drain<FF03>shots from anywhere on the floor.<FFF5>Cut it out, it's embarrassing. You one<FF03>of my fans too?<FFFD><2EFF><F500>   Shut up. The only cheerleaders I need<FF03>are cute chicks.<FFF5> Somethin' about the way you put that",,por_traducir,
talk_basket_00030,258,<FF03> <FFFD> <2FFF> <F500> <FFF5> <FF03> <FFFD> <30FF> <F500> <FF03> <FFF5> <FF03>,"<FF03>You makin' fun of me?<FFFD><2FFF><F500>Hahaha. Flattery won't get you anywhere.<FFF5>   You're smart aren't ya? You must be a<FF03>genius deluxe or somethin'.<FFFD><30FF><F500>Hmm, you're good. I bet you could bring<FF03>those skills to the court.<FFF5> You're pretty good! Maybe I should learn<FF03>to dance too",,por_traducir,
talk_basket_00031,535,<FFFD> <31FF> <F500> <FF03> <FFF5> <FF03> <FFFD> <32FF> <F500> <FF03> <FFF5> <FF03> <FFFD> <33FF> <F500> <FF03> <FFF5> <FF03> <FFFD> <34FF> <F500> <FF03> <FFF5> <FF03> <FFFD> <35FF> <F500>,"<FFFD><31FF><F500> You gotta have a faster beat than that.<FF03>Three second violation.<FFF5>What was that? Looked like you were<FF03>startin' a lawnmower or somethin'.<FFFD><32FF><F500>   Ya know, there's kind of a connection<FF03>between b-ball and dance!<FFF5>I can dance too. I've got the Friday<FF03>night fever.<FFFD><33FF><F500>Hey, push your luck and you'll get a<FF03>technical foul.<FFF5>   Think you're better than me or<FF03>somethin'? Ha. Don't waste your time!<FFFD><34FF><F500> Basketball is a gentleman's sport.<FF03>Don't be hatin'.<FFF5>You the fool tryin' to step to a baller<FF03>with crazy dunk action?<FFFD><35FF><F500>  Don't say such scary things",,por_traducir,
talk_basket_00032,41,<FF03>," I'm sorry<FF03>about that last foul, so c'mon",,por_traducir,
talk_basket_00033,61,<FFF5> <FF03>,"<FFF5> Why you yellin', man? I'm just a player<FF03>practicin' his game",,por_traducir,
talk_basket_00034,242,<FFFD> <36FF> <F500> <FF03> <FF02> <FF04> <FF03> <FFF5> <FF03> <FF03> <FFFD> <37FF> <F500> <FF03> <FFF5>,"<FFFD><36FF><F500>   You like basketball too? I getcha,<FF03>brother!<FF02><FF04>It's the greatest sport in the world.<FF03>Recognize.<FFF5>  Tch. You're gonna need years of practice<FF03>before you can swipe the rock from me,<FF03>fool.<FFFD><37FF><F500>Hey. Whatcha lookin' at.? This ball<FF03>is mine.<FFF5>   What",,por_traducir,
talk_basket_00035,352,<FFFD> <38FF> <F500> <FF03> <FFF5> <FF03> <FFFD> <39FF> <F500> <FF03> <FFF5> <FF03> <FFFD> <3AFF> <F500> <FF03> <FFF5>," You got a problem with me.?<FFFD><38FF><F500> Whoa man. Hahaha. Such a passionate<FF03>gaze.<FFF5>  I'm happy and all, but I don't deal<FF03>with guys. Catch my drift.?<FFFD><39FF><F500>  You bookworms say such far-out things!<FF03>Seriously.<FFF5>  Hey, I ain't gonna condone lying, but<FF03>imagination is important in sports.<FFFD><3AFF><F500>Hey, punk. You tryin' to pull a fast<FF03>one on me.?<FFF5>   You better not be playin' me",,por_traducir,
talk_basket_00036,433,<FF03> <FF02> <FF04> <FF03> <FFFD> <3BFF> <F500> <FF03> <FFF5> <FF02> <FF04> <FFFD> <3CFF> <F500> <FFED> <FF03> <FFF5> <FF03> <FF03> <FFFD> <3DFF> <F500>,"<FF03>If you are, you're in for it.<FF02><FF04>The rule is, law, liars get their tongues<FF03>pulled out.<FFFD><3BFF><F500> I don't know what the hell you're<FF03>sayin', but you must mean I'm a genius.<FFF5>  Huh.? I've never heard that before.<FF02><FF04>You should cut back on the TV!<FFFD><3CFF><F500>  That's not scary at all. Argh.<FFED><FF03>I coulda been practicin' that whole time.<FFF5>  I could tell a scarier story than that.<FF03>The heroine killed by a demon will be<FF03>played by you.<FFFD><3DFF><F500> That's really depressing",,por_traducir,
talk_basket_00037,24,<FF03>, I shoulda<FF03>tuned you out,,por_traducir,
talk_basket_00038,33,<FFF5>,"<FFF5> H-Hey, that wasn't a true story",,por_traducir,
talk_basket_00039,302,<FF03> <FFFD> <3EFF> <F500> <FF03> <FFF5> <FF03> <FFFD> <3FFF> <F500> <FF03> <FF03> <FFF5> <FF03> <FFFD> <40FF> <F500>,"<FF03>Right?<FFFD><3EFF><F500>It's a little childish, but I like<FF03>stories with blood and guts.<FFF5>That was good. Do humans fear me like<FF03>that too?<FFFD><3FFF><F500>  Hm, you've got a nice voice. With you<FF03>cheering me on, the next game's as<FF03>good as won.<FFF5>  You're good. How 'bout we do a duet?<FF03>You'd be okay with that, right?<FFFD><40FF><F500> Your song is all",,por_traducir,
talk_basket_00040,259,<FF03> <FFF5> <FF03> <FFFD> <41FF> <F500> <FF03> <FFF5> <FFFD> <42FF> <F500> <FF03>," talk.<FF03>That don't hit home at all.<FFF5>Damn, you showin' off in front of me?<FF03>Yeah, so what if I can't sing.?<FFFD><41FF><F500>That song ain't half bad. It'd make a<FF03>perfect theme song for me.<FFF5>   Bravo. Bravooo.<FFFD><42FF><F500>  Ain't you a little old to be playin'<FF03>house, man? Not that I care",,por_traducir,
talk_basket_00042,91,<FFFD> <43FF> <F500> <FF03> <FFF5>, Do I look like a kid to you?<FFFD><43FF><F500> What the hell.? I'm not playin' house<FF03>ever again.<FFF5>  I know,,por_traducir,
talk_basket_00043,211,<FF03> <FFFD> <44FF> <F500> <FF03> <FFF5> <FFFD> <45FF> <F500>," It's like I've got the ball<FF03>on a string, isn't it?<FFFD><44FF><F500> Hahaha. Your negotation style doesn't<FF03>jive with me! Well, it's been fun!<FFF5>   Do I look like a baby? You're losin' it.<FFFD><45FF><F500> I'm a sucker for the pleas of a lady",,por_traducir,
talk_basket_00044,82,<FF03> <FFF5> <FF03>,"<FF03>I'll think about it!<FFF5>   I don't mind helping, but my goal is to<FF03>make it to finals",,por_traducir,
talk_basket_00045,563,<FFFD> <46FF> <F500> <FF03> <FFF5> <FF03> <FFFD> <47FF> <F500> <FFF5> <FF03> <FFFD> <48FF> <F500> <FF03> <FFF5> <FF03> <FFFD> <49FF> <F500> <FF03> <FFF5> <FF03> <FFFD> <4AFF> <F500> <FF03>,"<FFFD><46FF><F500> You think I'm weak enough to be<FF03>persuaded by some girl's sweet talk.?<FFF5>  Shut up, man. The only thing on my mind<FF03>is making it to the pros.<FFFD><47FF><F500>Hahaha. It ain't easy bein' the man.<FFF5>   You want me to work for you? Hahaha.<FF03>What a comedian.<FFFD><48FF><F500>Hey, push your luck and you'll get a<FF03>technical foul.<FFF5>   Think you're better than me or<FF03>somethin'? Ha. I won't lose to a chick.<FFFD><49FF><F500>   What's up with that? You ain't even my<FF03>type, ya good for nothin'.<FFF5>  You the dumb girl tryin' to step to my<FF03>ballin' skills?<FFFD><4AFF><F500>   What the heck are you? Talkin' like that<FF03>to a god among ballers",,por_traducir,
talk_basket_00046,78,<FF03> <FFFD> <4BFF> <F500>, Why would I need you to tell<FF03>me that?<FFFD><4BFF><F500>I always fall for the seductive types,,por_traducir,
talk_basket_00047,431,<FF03> <FFF5> <FF03> <FFF5> <FF03> <FFF5> <FF03> <FFFD> <4CFF> <F500> <FFF5> <FF03> <FFFD> <4DFF> <F500> <FF03> <FFF5>,"<FF03>I'll give it some thought!<FFF5>My pheromones must be goin' nuts. It's<FF03>tough sometimes, ya know?<FFF5>   Listen. I'm gonna be a basketball god<FF03>soon. You're nothin' to me.<FFF5>  Shut up, man. The only thing on my mind<FF03>is making it to the pros.<FFFD><4CFF><F500>Hahaha. It ain't easy bein' the man.<FFF5>   Hey baby. I'll embrace you with open<FF03>arms. Come to daddy.<FFFD><4DFF><F500>You're goin' through a lot, huh? I've<FF03>seen hard times too, so I understand!<FFF5>Hey, hey, don't cry now",,por_traducir,
talk_basket_00048,148,<FF03> <FF03> <FFFD> <4EFF> <F500> <FF03> <FFF5>," I'll give<FF03>you tickets to my next game if that'll<FF03>cheer you up!<FFFD><4EFF><F500>So what.? Compared to my training<FF03>regimen, that's nothin'.<FFF5> You stupid or somethin",,por_traducir,
talk_basket_00049,117,<FF03> <FFFD> <4FFF> <F500> <FF03>," No way I'd<FF03>fall for some brat's crocodile tears.<FFFD><4FFF><F500>   High school girls' households are<FF03>pretty crazy these days, huh",,por_traducir,
talk_basket_00050,54,<FFF5> <FF03>,<FFF5> I can't believe you grew up in a<FF03>household like that,,por_traducir,
talk_basket_00051,315,<FFFD> <50FF> <F500> <FF03> <FFF5> <FF03> <FFFD> <51FF> <F500> <FF03> <FFF5> <FF03> <FFFD> <52FF> <F500>," I'm speechless!<FFFD><50FF><F500>  That was weak! I was hoping for crazier<FF03>threats than that!<FFF5> Think you're better than me or<FF03>somethin'? Ha. I won't lose to a chick.<FFFD><51FF><F500>   What's up with that? You ain't even my<FF03>type, ya good for nothin'.<FFF5>  You the dumb girl makin' threats to a<FF03>demon baller like me?<FFFD><52FF><F500>  I just like shootin' hoops",,por_traducir,
talk_basket_00052,35,<FF03>, I don't<FF03>know why you'd be after me,,por_traducir,
talk_basket_00053,248,<FF03> <FFFD> <53FF> <F500> <FF03> <FFF5> <FF03> <FFFD> <54FF> <F500> <FF03>," Why would I need you to tell<FF03>me that?<FFFD><53FF><F500>Did you think I'd be happy bein' picked<FF03>on by you.? If you did, you're an idiot.<FFF5>   You didn't think I'd be afraid of that,<FF03>did ya.? Huh.?<FFFD><54FF><F500>   What the heck are you? Talkin' like that<FF03>to a god among ballers",,por_traducir,
talk_basket_00054,296,<FF03> <FFFD> <55FF> <F500> <FF03> <FFF5> <FF03> <FFFD> <56FF> <F500> <FF02> <FF04> <FF03> <FFF5> <FF03>," Why would I need you to tell<FF03>me that?<FFFD><55FF><F500>Hahaha. You may be interested, but<FF03>I sure as hell ain't.<FFF5>   Hahaha. I bet you were a bully when<FF03>you were a kid, huh?<FFFD><56FF><F500> Hmm, you're a good speaker!<FF02><FF04>If you were the coach, the team would<FF03>be pumped for the game.<FFF5> You don't sound much like a high school<FF03>kid",,por_traducir,
talk_basket_00055,454,<FFFD> <57FF> <F500> <FF03> <FFF5> <FF03> <FFFD> <58FF> <F500> <FF03> <FFF5> <FF03> <FFFD> <59FF> <F500> <FF03> <FFF5> <FF03> <FFFD> <5AFF> <F500>," Are you lyin' 'bout your age?<FFFD><57FF><F500> Hey, hey, hey. Whaddaya sayin.? Don't<FF03>be tryin' to talk all big.<FFF5>   You preachin' to me.? Think you're<FF03>better than me, do ya.?<FFFD><58FF><F500>   It's hilarious when someone with no<FF03>skills tries to talk like a bigshot.<FFF5>   Hahaha. You're ten years too young<FF03>to tell me off.<FFFD><59FF><F500>   What the hell.? What'd I do to deserve<FF03>you goin' off on me like that.?<FFF5> What're you bein' so high and mighty<FF03>about.? I'm older than you, ya know.<FFFD><5AFF><F500>What the",,por_traducir,
talk_basket_00056,43,<FF03>, I'm just tryin' to play<FF03>a little ball here,,por_traducir,
talk_basket_00057,62,<FFF5> <FF03>,<FFF5> Why you gotta scold me just 'cause<FF03>I was shootin' some hoops,,por_traducir,
talk_basket_00058,459,<FFFD> <5BFF> <F500> <FF03> <FFF5> <FF03> <FFFD> <5CFF> <F500> <FF03> <FF03> <FFF5> <FF03> <FF03> <FFFD> <5DFF> <F500> <FF03> <FFF5> <FF03> <FFFD> <5EFF> <F500>,"<FFFD><5BFF><F500> Hahaha. That was so off the mark,<FF03>all I can do is laugh.<FFF5>   Hahaha. You're good at scolding! You<FF03>should be our team manager!<FFFD><5CFF><F500> You're only ignoring me 'cause you ain't<FF03>seen my game! Otherwise, you'd be<FF03>beggin' for my autograph.<FFF5>   Just 'cause you're embarrassed doesn't<FF03>mean you should ignore me. C'mon, let's<FF03>be friends.<FFFD><5DFF><F500>   Tch, what a snob. You don't even wanna<FF03>negotiate with me, do ya.?<FFF5>  Quit ignoring me. You want me to dunk<FF03>on your face.?<FFFD><5EFF><F500> Umm",,por_traducir,
talk_basket_00059,34,<FF03>, Did I do something to make<FF03>ya mad,,por_traducir,
talk_basket_00060,387,<FFF5> <FF03> <FFFD> <5FFF> <F500> <FF03> <FF03> <FFF5> <FF03> <FF03> <FFFD> <60FF> <F500> <FF03> <FFF5> <FF03> <FFFD> <61FF> <F500>,"<FFF5>   Why you ignorin' me? You don't like<FF03>baller demons?<FFFD><5FFF><F500>   You're only ignoring me 'cause you ain't<FF03>seen my game! Otherwise, you'd be<FF03>beggin' for my autograph.<FFF5>   Just 'cause you're embarrassed doesn't<FF03>mean you should ignore me. C'mon, let's<FF03>be friends.<FFFD><60FF><F500>   Tch, what a snob. You don't even wanna<FF03>negotiate with me, do ya.?<FFF5>  Quit ignoring me. You want me to dunk<FF03>on your face.?<FFFD><61FF><F500> Umm",,por_traducir,
talk_basket_00061,34,<FF03>, Did I do something to make<FF03>ya mad,,por_traducir,
talk_basket_00062,34,<FF03>, Did I do something to make<FF03>ya mad,,por_traducir,
talk_basket_00063,242,<FFFD> <62FF> <F500> <FF03> <FFF5> <FF03> <FFFD> <63FF> <F500> <FFF5> <FF03> <FFFD> <64FF> <F500>,<FFFD><62FF><F500> That was weak! I was hoping for crazier<FF03>threats than that!<FFF5> Think you're better than me or<FF03>somethin'? Ha. Don't waste your time!<FFFD><63FF><F500> Oh yeah.?<FFF5>  You the fool tryin' to step to a baller<FF03>with crazy dunk action?<FFFD><64FF><F500>  I just like shootin' hoops,,por_traducir,
talk_basket_00064,35,<FF03>, I don't<FF03>know why you'd be after me,,por_traducir,
talk_basket_00065,118,<FF03> <FFFD> <65FF> <F500> <FFF5>, Why would I need you to tell<FF03>me that?<FFFD><65FF><F500>Stop yelling. You'll get a personal foul.<FFF5>  You got a screw loose or somethin,,por_traducir,
talk_basket_00066,24,<FFFD> <66FF> <F500>,<FFFD><66FF><F500> This guy's dangerous,,por_traducir,
talk_basket_00067,22,<FFF5>,<FFF5>Whatcha screamin' for,,por_traducir,
talk_basket_00068,135,<FFFD> <67FF> <F500> <FF03> <FFF5> <FFFD> <68FF> <F500>,"<FFFD><67FF><F500>Hahaha. It's refreshing to yell<FF03>sometimes, isn't it.?<FFF5>  Nice scream. That's how I like 'em.<FFFD><68FF><F500>  You can do magic.? You've got skills",,por_traducir,
talk_basket_00069,166,<FF03> <FFF5> <FF03> <FFFD> <69FF> <F500> <FF03>,"<FF03>Maybe you could play point guard.<FFF5>  If that's the best trick you've got,<FF03>I'd say you'd make a better comedian.<FFFD><69FF><F500>   A magic trick? In this day and age?<FF03>Get real, man",,por_traducir,
talk_basket_00070,269,<FFF5> <FFFD> <6AFF> <F500> <FF03> <FFF5> <FF03> <FFFD> <6BFF> <F500> <FF03> <FFF5> <FF03>,"<FFF5>   Can you use magic to change the score?<FFFD><6AFF><F500>   THAT was your trick? Hahaha. That was<FF03>hilarious.<FFF5>   Hahaha. You shouldn't do stuff that<FF03>doesn't go with your face.<FFFD><6BFF><F500>   Hahaha. I think I'm gettin' smarter just<FF03>watchin' you.<FFF5> Talk, wait for a reaction, gain some<FF03>interest",,por_traducir,
talk_basket_00071,466,<FF03> <FFF5> <FF03> <FF03> <FFF1> <FFF5> <FF03> <FF02> <FF04> <FF03> <FFF5> <FF03> <FFF5> <FFF1> <FFF5> <FF03> <FFF5> <FF03>," Your negotations are<FF03>straight outta the playbook!<FFF5> Whatwhatwhat.? You want somethin' from<FF03>me.? How about an advance on the<FF03>contract then.?<FFF1><FFF5>   It was a stupid conversation, but<FF03>I listened anyway!<FF02><FF04>I don't think I'll let you have any<FF03>last words after all.<FFF5>You are horrifically annoying. Your<FF03>voice makes me wanna puke my guts out.<FFF5> Stop your yappin' and come out with it.<FFF1><FFF5>   What is telling me that supposed to do<FF03>for you?<FFF5>Oh, sorry, I spaced out for a second<FF03>there",,por_traducir,
talk_basket_00072,277,<FFF5> <FF03> <0028> <FFF3> <FF03> <0028> <FFF5> <FF03> <FFF5> <FF03> <FFF1> <FFF5> <FF03>,"<FFF5>  You doin' a talk show or somethin'?<FF03><0028>Our next guest is a <FFF3>, let's<FF03>bring him out.<0028> Like that?<FFF5>   Hahaha. You're a smooth talker, you<FF03>devil, you.<FFF5>Personally, I like your speech. Just a<FF03>little more, okay.?<FFF1><FFF5>You've got good eyes. I AM incredible,<FF03>after all. Not sure how, though",,por_traducir,
talk_basket_00073,151,<FFF5> <FF03> <FFF5> <FF03> <FFF1> <FFF5>,"<FFF5>  You're a blunt one, aren't ya? I like<FF03>it. Keeps things simple.<FFF5> Whatwhatwhat.? You want me to help you.?<FF03>Then hand something over.<FFF1><FFF5>To put it simply",,por_traducir,
talk_basket_00074,67,<FF02> <FF04> <FF03> <FFF1> <FFF5>, NO.<FF02><FF04>Now keep things simple and give me<FF03>somethin'.<FFF1><FFF5>This is boring,,por_traducir,
talk_basket_00075,115,<FF03> <FFF5> <FFF5>, Give our negotiation<FF03>a nice twist.<FFF5>   Who'd actually want to do you a favor.?<FFF5>You sound like you're up to somethin,,por_traducir,
talk_basket_00076,22,<FF03>,<FF03>I'm gonna play some d,,por_traducir,
talk_basket_00077,67,<FFF5> <FF03>,"<FFF5>  Even if I give you my power, I'm not<FF03>getting much in return, huh",,por_traducir,
talk_basket_00078,46,<FFF5> <FF03>,"<FFF5>   Oh, sorry, I spaced out for a second<FF03>there",,por_traducir,
talk_basket_00079,246,<FFF5> <FFF5> <FF03> <FFF5> <FF03> <FFF1> <FFF5> <FF03>,"<FFF5>  Hahaha. I'm just too appealing.<FFF5>I'm happy to be idolized, but it's<FF03>tough sometimes, man! It really is.<FFF5> I think I'm fine with lending you my<FF03>power. Just a little more then.<FFF1><FFF5>  You always have that attitude when you<FF03>negotiate? I don't get you! ",,por_traducir,
talk_basket_00080,123,<FF03> <FFF5> <FF03> <FFF5>,"I don't<FF03>get myself, either, though!<FFF5>  Huh? What the? Am I supposed to be<FF03>happy or sad?<FFF5>   I don't care if you're dissin' me",,por_traducir,
talk_basket_00081,54,<FF03> <0028> <FF03>," But<FF03>you coulda just said, <0028>Shut up and gimme<FF03>somethin",,por_traducir,
talk_basket_00082,219,<FF03> <FFF1> <FFF5> <FFF5> <FF03> <FFF5> <FF03> <FF02> <FF04>," I'll say it instead. Shut up and<FF03>gimme somethin'.<FFF1><FFF5>Huh.? You wanna die.? Do ya.?<FFF5>  Of all the people I've met, I hate you<FF03>the most.<FFF5>   Tch, what's with that attitude?<FF03>You wanna die.?<FF02><FF04>Not that you'd be any match for me",,por_traducir,
talk_basket_00083,37,<FF02> <FF04> <FFF1> <FFF5>,<FF02><FF04>So here are my demands.<FFF1><FFF5>   Why you,,por_traducir,
talk_basket_00084,67,<FF03> <FFF5>, Can't you tell the difference<FF03>between good and bad?<FFF5> Such attitude,,por_traducir,
talk_basket_00085,16,, I-I'm not cryin,,por_traducir,
talk_basket_00086,27,<FF03>,<FF03>Just sweatin' from my eyes,,por_traducir,
talk_basket_00087,54,<FFF5> <FF03>,<FFF5> I can't get all worked up by somethin'<FF03>some kid says,,por_traducir,
talk_basket_00088,407,<FFF5> <FF03> <FFF5> <FF02> <FF04> <FFF5> <0028> <FF03> <0028> <FFF5> <FF03> <FFF5> <FF03> <FFF5> <FF03>,"<FFF5>Damn, what an attitude problem. Well,<FF03>I'll take fearless over cowardly any day!<FFF5>You won't get me with taunts.<FF02><FF04>After all, I'm a genius. Hahaha.<FFF5>My horoscope said, <0028>Avoid losing your<FF03>temper,<0028> so I'll forgive you.<FFF5>So you wanna be an entertainer, eh?<FF03>You sure you wanna be here, then?<FFF5>  No, no, you're thinking too much. You<FF03>gotta use your instincts!<FFF5>Comedy is somethin' you're supposed to<FF03>charge for, ya know",,por_traducir,
talk_basket_00089,43,<FFF1> <FFF5> <FFF5>,<FFF1><FFF5> Show me somethin' more interesting.<FFF5>That,,por_traducir,
talk_basket_00090,147,<FFF5> <FF02> <FF04> <FF03> <FFF1> <FFF5>," boring.<FFF5> You wasted my time with your stupidity.<FF02><FF04>I won't forgive you very easily, so<FF03>gimme somethin' to make up for it.<FFF1><FFF5>   Who do you think I am",,por_traducir,
talk_basket_00091,90,<FF03> <FFF5> <FFF5>, You better<FF03>start gettin' serious here.<FFF5>   W-Was I so scary that you lost it?<FFF5> I'm jealous,,por_traducir,
talk_basket_00092,131,<FF03> <FFF5> <FFF5> <FF03>," You don't get nervous,<FF03>do you?<FFF5>  Maybe I should learn a trick or two!<FFF5>   Hahaha. You're funny. Man, I feel like<FF03>havin' a drink now",,por_traducir,
talk_basket_00093,40,<FFF5>,<FFF5>   That kinda stuff doesn't interest me,,por_traducir,
talk_basket_00094,91,<FF02> <FF04> <FF03> <FFF5> <FF03>,"<FF02><FF04>But I feel sorry for you, so I'll hear<FF03>you out.<FFF5>   There's no guarantee this isn't a<FF03>trap",,por_traducir,
talk_basket_00096,367,<FFF5> <FF03> <FFF1> <FFF5> <FFF5> <FF03> <FFF5> <FF03> <FFF1> <FFF5> <FF03> <FFF5> <FF03>,"<FFF5>  I can't sign with you for just that.<FF03>How 'bout throwin' in an extra one?<FFF1><FFF5>  Don't tease your elders like that.<FFF5> Ha. Like I'd quit ballin' for somethin'<FF03>that stupid. Are you an idiot.?<FFF5>Gimme the goods, and I'll give ya a<FF03>spell card! That's reality for ya!<FFF1><FFF5>I'm so cute, you thought I was a girl?<FF03>Wow, that's crazy!<FFF5>  Sorry, I'm just not in the mood! Maybe<FF03>next time",,por_traducir,
talk_basket_00097,38,<FFF5>,"<FFF5>W-Wait, wait. I'm still not ready yet",,por_traducir,
talk_basket_00098,82,<FFF5> <FF03> <FFF5>,<FFF5>   Hahaha. Everyone's hooked on me.<FF03>Hahahahaha.<FFF5>   This kinda puts me on the spot,,por_traducir,
talk_basket_00099,122,<FF03> <FF03> <FFF1> <FFF5>," I don't wanna turn down your<FF03>goodwill, so I'll take whatever it is<FF03>you're offerin'!<FFF1><FFF5> You're more interesting than demons",,por_traducir,
talk_basket_00100,32,<FF03>,<FF03>Maybe I should go with you guys,,por_traducir,
talk_basket_00101,437,<FFF5> <FF03> <FFF5> <FF03> <FFF5> <FF03> <FFF5> <FF03> <FFF5> <FF03> <FFF1> <FFF5> <FF03>,"<FFF5>  First you threaten me, then you soothe<FF03>my nerves! You work in mysterious ways!<FFF5> I'm not blind, ya know! But that was<FF03>cute, so it's all good.<FFF5>   Heh, you're scared of me? Then bow down<FF03>before me. Cry and beg for mercy.<FFF5>  You're 100 years too young to get my<FF03>attention with a tactic like that.<FFF5>Being forgiven through words alone<FF03>is a bit idealistic, don't ya think?<FFF1><FFF5>   I don't have a freakin' clue what's<FF03>going on in that head of yours",,por_traducir,
talk_basket_00102,21,<FFF5>,<FFF5>  I-I get it already,,por_traducir,
talk_basket_00103,76,<FF03> <FF03>," You're mad, huh?<FF03>C'mon, man, don't speak with that blank<FF03>stare on your face",,por_traducir,
talk_basket_00104,768,<FFF5> <FF03> <FFF5> <FFF5> <FF03> <FFF5> <FF03> <FFEF> <FFEF> <FFEF> <FF03> <FFEF> <FF02> <FF04> <FF03> <FFEF> <FFEF> <FFF5> <FF03> <FFEF> <0056> <0056> <FF03> <FF03> <FFEF> <FF03> <FF03> <FF02> <FF04> <FF03> <FFF5>,"<FFF5>   Don't worry, I don't do anything bad<FF03>to ladies! I'm a feminist!<FFF5>I'm a bigger demon than I thought.<FFF5> You look pretty tender, but you should<FF03>put on a little more meat!<FFF5>  What.? You already have my spell card.<FF03>You don't need two.<FFEF> If you want! Alright. Here ya go.<FFEF>  Tch, is that so.?<FFEF>  Seems you and me don't get along!<FF03>Well, guess that can't be helped!<FFEF>Huh? You.? YOU want my spell card.?<FF02><FF04>I don't think I heard you right.<FF03>You're way too weak.<FFEF> Oh well! Go ahead, take it!<FFEF>Lates!<FFF5> I'll give this to you, too! Nice<FF03>meetin' ya.<FFEF>   <0056>sigh<0056> Stick around here too long, and<FF03>I'll have roots growin' outta my ass!<FF03>I'm outta here!<FFEF>   Here's my card! I don't care who you<FF03>fuse me with, just not with any crap,<FF03>okay.?<FF02><FF04>Make me a Persona that can bring his<FF03>A game to the hoop.<FFF5>",,por_traducir,
talk_basket_00105,232,<FF03> <FF03> <FFEF> <FF03> <FFEF> <FFEF>,"Oh yeah. I'll give you this. You're<FF03>happy now, right? Right.? So, please.<FF03>Just lemme go.<FFEF>Man, if I hang around you any longer,<FF03>my head's gonna get moldy.<FFEF>   I'll give ya this, so scram. Hahaha.<FFEF>   Now then, what should I do with you",,por_traducir,
talk_basket_00106,232,<FF03> <FFEF> <FF03> <FFEF> <FF03> <FFEF> <FF03>,"<FF03>I have no idea. Is my brain that weak.?<FFEF>Argh. I don't get it. You want a card,<FF03>right.? Fine, take it.<FFEF>  I'm not too good with words, but I wanna<FF03>help you guys out!<FFEF>If it's okay with you, take my card.<FF03>I don't think it's a bad offer",,por_traducir,
talk_basket_00107,58,<FFEF> <FFEF>,<FFEF> Damn it. I don't wanna fight you.<FFEF>  I must be goin' soft,,por_traducir,
talk_basket_00108,130,<FF03> <FFEF> <FFEF> <FF03>," But here's a<FF03>present. Take it.<FFEF> I know. You want my card, right?<FFEF>   But if you kill me after I give you my<FF03>card, there's no point",,por_traducir,
talk_basket_00109,11,,"Yeahhh, huh",,por_traducir,
talk_basket_00110,42,<FFEF> <FF02> <FF04>,"<FFEF> Heh heh. Well, if it isn't a human.<FF02><FF04>Hmm",,por_traducir,
talk_basket_00111,96,<FF03> <FFFD> <6CFF> <F500> <FF03>," Why are you guys runnin'<FF03>around here?<FFFD><6CFF><F500>Tryin' to negotiate with a demon? Man,<FF03>talk about crazy",,por_traducir,
talk_basket_00112,302,<FFF5> <FF03> <FFF1> <FFF5> <FFFD> <6DFF> <F500> <FF03> <FFF5> <FF03> <FFF1> <FFF5> <FF03>,"<FFF5> It must be fate that we've met here.<FF03>Gimme somethin' to remember you by.<FFF1><FFF5>  Hey, you. You're in my way.<FFFD><6DFF><F500>  What the hell.? Don't talk to me.<FF03>I was just out havin' a stroll.<FFF5>  Look, if you wanna pass, gimme<FF03>somethin'. Those're the rules.<FFF1><FFF5> You might get hurt if something happens<FF03>while you're near me",,por_traducir,
talk_basket_00113,18,<FFFD> <6EFF> <F500>,"<FFFD><6EFF><F500>  Ugh, you guys",,por_traducir,
talk_basket_00114,78,<FF03> <FF03>, I knew it was bad luck<FF03>when that black cat walked in front of<FF03>me this morning,,por_traducir,
talk_basket_00115,259,<FFF5> <FF03> <FF03> <FFF5> <FF03> <FFFD> <6FFF> <F500> <FF03> <FFF5> <FF03>,"<FFF5>  There's no way demons could lose to<FF03>humans. Um, that's what the others<FF03>think, anyway!<FFF5>  Hey, what's happening? There a game<FF03>goin' on?<FFFD><6FFF><F500>You answered. Is it because I'm just<FF03>so popular?<FFF5>   Y'know, I don't talk to humans too<FF03>often! I'm actually kinda nervous",,por_traducir,
talk_basket_00116,60,<FFF5> <FFED> <FF03>,"<FFF5><FFED>Well, I'm glad you answered my call,<FF03>but I have a question",,por_traducir,
talk_basket_00117,305,<FF02> <FF04> <FF03> <FF03> <FFFD> <70FF> <F500> <FFED> <FF03> <FF03> <FFF5> <FFEE> <FF03> <FFF1> <FFF5> <FFEC> <FF03>,"<FF02><FF04>If you've got time to be doin' this,<FF03>don't you have somethin' better you<FF03>could be doin'?<FFFD><70FF><F500> <FFED>You got some business with me.? Or are<FF03>you just here to chill? Gimme a straight<FF03>answer.<FFF5>   <FFEE>Gimme somethin', and maybe I'll be<FF03>willing to listen.<FFF1><FFF5><FFEC>You don't really want anything from me,<FF03>huh? Guess I'll be off",,por_traducir,
talk_basket_00118,50,<FFFD> <71FF> <F500> <FFEC> <FF03>,"<FFFD><71FF><F500>   <FFEC>Aw crap, humans. Man, I have the worst<FF03>luck",,por_traducir,
talk_basket_00119,134,<FF02> <FF04> <FF03> <FFF5> <FFEC> <FF03>,"<FF02><FF04>I always get the troublemakers! Same<FF03>with my love life!<FFF5>   <FFEC>First off, let's set some ground rules!<FF03>NO VIOLENCE. I'll treat ya right",,por_traducir,
talk_basket_00120,162,<FFF5> <FFEB> <FF03> <FFFD> <72FF> <F500> <FFEE> <FF03> <FFF5> <FFEE>,"<FFF5>   <FFEB>To tell you the truth, my heart is<FF03>pounding! Man, I just wanna go nuts.<FFFD><72FF><F500> <FFEE>Y'know, I think we're close enough to<FF03>call each other brothers.<FFF5>   <FFEE>I love humans",,por_traducir,
talk_basket_00121,147,<FF03> <FFF5> <FFEC> <FF03> <FFFD> <73FF> <F500> <FFEC> <FF03> <FFF5> <FFED>," But I shouldn't be<FF03>going on like that, huh?<FFF5>  <FFEC>You some kinda spy? You can't fool<FF03>me, spy.<FFFD><73FF><F500> <FFEC>It wasn't me. It wasn't me, man.<FF03>Have a heart.<FFF5><FFED>Ugh",,por_traducir,
talk_basket_00124,30,<FF03>,<FF03>Thank you for calling me here,,por_traducir,
talk_basket_00125,23,,Violence is not the way,,por_traducir,
talk_basket_00126,25,<FF03>, You must<FF03>not harm demons,,por_traducir,
talk_basket_00127,32,<FF03>, Guwah.? Did I just<FF03>say somethin,,por_traducir,
talk_basket_00128,391,<FFF5> <FFED> <FF03> <FFFD> <74FF> <F500> <FFEB> <FF03> <FF03> <FFF5> <FFED> <FF03> <FFF1> <FFF5> <FFEC> <FF03> <FF03> <FFFD> <75FF> <F500> <FFEB> <FF03>,"<FFF5> <FFED>Do you really think you can change<FF03>things on your own.?<FFFD><74FF><F500> <FFEB>Just as ants cannot comprehend the size<FF03>of an elephant, you cannot comprehend<FF03>my greatness.<FFF5>   <FFED>I'll be king of the world someday.<FF03>It's best if you don't mess with me.<FFF1><FFF5>  <FFEC>What play are you guys gonna use on me?<FF03>Is it the pick and roll.? Anything but<FF03>the pick and roll.<FFFD><75FF><F500>   <FFEB>What is this? I've never felt my heart<FF03>pound so fast",,por_traducir,
talk_basket_00129,32,<FFF5> <FFEB> <FFF5>,<FFF5>   <FFEB>Hurt me morrrrrrre.<FFF5>   Sooo,,por_traducir,
talk_basket_00130,113,<FFEF> <FF03> <FF03> <FFEF>," Whatcha tryin' to say?<FFEF> You've pissed me off, and that's<FF03>a foul punishable by death. Time<FF03>to pay up.<FFEF>   Wha-What",,por_traducir,
talk_basket_00131,516,<FFEF> <FF03> <0028> <0028> <FFEF> <FF03> <FF03> <FFEF> <FF03> <FFEF> <FF03> <FF03> <FFEF> <FF03> <FFEF> <FF03> <FFEF> <FF03>," You don't like me, huh?<FFEF>   I don't feel like we're strangers<FF03>anymore! Can I call ya <0028>bro<0028>?<FFEF>How long you plannin' on dragging this<FF03>out? If ya got business with me, come<FF03>out with it.<FFEF>  I'm willin' to hear ya out, so put<FF03>away those shiny weapons, will ya?<FFEF>  Ah, the smell of blood is in the air!<FF03>I'm feelin' good today, so I'll hear<FF03>ya out.<FFEF> I can't take it anymore. Someone, help<FF03>me. These guys are whack.<FFEF>   I can smell blood. It looks fun over<FF03>there.<FFEF>If I cut my stomach open, would you eat<FF03>it? I'd eat you, ya know",,por_traducir,
talk_basket_00132,778,<FFEF> <FF03> <FFF8> <FFEF> <FFF5> <FF03> <FFF5> <FF03> <FF03> <FFF5> <FF03> <FFF5> <FF03> <FF03> <FFF5> <FFEF> <FF03> <FF03> <FFF5> <FF03> <FFF5> <FFF5> <FF03> <0028> <0028> <FFF5> <FF03> <FFF5> <FFF4>,"<FFEF>It's all about the Yenjamins, baby.<FF03>I gotta buy a new ball. Gimme <FFF8>.<FFEF>   Sorry 'bout that, man.<FFF5> Don't mess with me, punk. You ain't<FF03>pullin' no fast ones on me.<FFF5>Don't mess with me, punk. That's pretty<FF03>funny to say ya've got somethin' when<FF03>ya don't.<FFF5>Look, I ain't askin' ya to give me<FF03>somethin'! I'm ordering you.<FFF5>You ain't the sharpest tool in the shed,<FF03>are ya? There's no point in saving up<FF03>money! Once ya die, it's useless!<FFF5>   One life stone. I'll settle for that.<FFEF>  You've got more than I thought. But<FF03>I've gotta say, this doesn't feel like<FF03>it's enough!<FFF5>Hey, hey, hey, hey. Gimme a break.<FF03>This is going nowhere.<FFF5>  Hey. Don't be lyin' to me.<FFF5> My hearing must be going. I didn't just<FF03>hear you say <0028>no,<0028> did I.?<FFF5> Huh? If ya want my wrath, I'll give it<FF03>to ya free of charge.<FFF5>   <FFF4>",,por_traducir,
talk_basket_00133,185,<FF03> <FFEF> <FF03> <FFF5> <FFF5> <FFF5>,"Naw, you don't have to give me one if<FF03>ya don't want to.<FFEF> Hey, check this out. Isn't this a<FF03>pretty gem?<FFF5>  Tch. It's pointless talking to you.<FFF5>If ya desire too much, it'll destroy you.<FFF5>  ",,por_traducir,
talk_basket_00134,48,<FF03>,"Well, I did say you didn't have to<FF03>give it to me",,por_traducir,
talk_basket_00135,286,<FFF5> <FF03> <FFEF> <FF03> <FFF5> <FF03> <FFF5> <FF03> <FFF5>,"<FFF5> If you give me some of your life,<FF03>I'm sure I'd feel a little better.<FFEF>   There, there, you're a good kid!<FF03>I'll make sure it doesn't hurt.<FFF5>   Tch. You're a bad kid, so I'm gonna<FF03>punish you. That's right, ya brat.<FFF5> Denied.? But I really want some.<FF03>I've got a craving for blood.<FFF5> What.? I",,por_traducir,
talk_basket_00136,184,<FFF5> <FF03> <FFF5> <FFF5> <FF03> <FF03>," I. I'm chasing the dream.<FFF5>  Well said. Positive thinking is<FF03>important.<FFF5> Well, there you have it!<FFF5>   You're an honest one, huh? It might be<FF03>fun to watch honesty turn around and<FF03>bite ya",,por_traducir,
talk_basket_00137,87,<FFF5> <FF03> <FFF5>,<FFF5> You'll see whether or not that's<FF03>possible when ya eat my dunk.<FFF5> You've got confidence,,por_traducir,
talk_basket_00139,299,<FFF5> <FFF5> <FFF5> <FFF5> <FF03> <FFF5> <FF03> <FFF5>," Something's up with you.<FFF5>Oh well! Guess I'll do some babysitting.<FFF5>   Oh well. This is why I hate kids.<FFF5>  Is that so? Then let's try it out.<FFF5> Heh, what a bull. You see what you want,<FF03>and you charge. I like that.<FFF5>  Well, yeah. If you get it, can't you<FF03>have a little more humility.?<FFF5> Oh, that so? Then",,por_traducir,
talk_basket_00140,316,<FF03> <FFF5> <FF03> <FFF5> <FF03> <FFF5> <FF03> <FFF5> <FF03> <FFF5>," Maybe I should have<FF03>you shine my ball.<FFF5>Oooh, that makes me happy! Youngsters<FF03>should act more like that.<FFF5>   Oooh, that makes me happy. And it makes<FF03>it even easier to kill you.<FFF5>It's rough, man! Practice is a battle<FF03>where your opponent is yourself!<FFF5> Whaddaya mean.? This is important to me.<FF03>You don't get it.<FFF5> What.? I",,por_traducir,
talk_basket_00141,184,<FFF5> <FF03> <FFF5> <FFF5> <FF03> <FF03>," I. I'm chasing the dream.<FFF5>  Well said. Positive thinking is<FF03>important.<FFF5> Well, there you have it!<FFF5>   You're an honest one, huh? It might be<FF03>fun to watch honesty turn around and<FF03>bite ya",,por_traducir,
talk_basket_00142,71,<FFF5> <FF03> <FFF5>,<FFF5> You'll see whether or not that's<FF03>possible when ya eat my dunk.<FFF5> Oh er,,por_traducir,
talk_basket_00143,58,<FF03>," I'm short on time here,<FF03>and this guy ain't even listening",,por_traducir,
talk_basket_00144,127,<FFF5> <FF03> <FFF5> <FF03>,<FFF5>You idiot. You can't win without practice.<FF03>Don't you get it.?<FFF5>  I don't need your sympathy. So what if<FF03>my only skill is ballin,,por_traducir,
talk_basket_00145,111,<FFF5> <FF03> <FFF5> <FF03>,"<FFF5>  Huh.? Well, aren't we frank.<FF03>I'll crush your throat.<FFF5>   I'm goin' to nationals. Not like<FF03>I wanna be a singer",,por_traducir,
talk_basket_00146,97,<FFF5> <FF03> <FFF5>,"<FFF5>What are you doing to me.? I've got a<FF03>game comin' up. You're dead, man.<FFF5>I'm losing consciousness",,por_traducir,
talk_basket_00147,47,<FF03>, It's kinda<FF03>different from runnin' outta breath,,por_traducir,
talk_basket_00148,93,<FFF5> <FFF5> <FF03>,"<FFF5>  Encore. Encore. Sing another one.<FFF5>  If I made you my slave, I could hear<FF03>that song anytime",,por_traducir,
talk_basket_00149,86,<FF02> <FF04> <FF03> <FFF1> <FFF5>," I'm a genius.<FF02><FF04>But I'm a nice guy, so I'll take<FF03>somethin' else instead!<FFF1><FFF5>Hold on, man",,por_traducir,
talk_basket_00150,50,<FF03>," If I keep listening,<FF03>I'll be like a charmed snake",,por_traducir,
talk_basket_00152,180,<FFF5> <FFF5> <FFF5> <FF03> <FF03>," I. I'm chasing the dream.<FFF5>  Huh.? Really.? Wow, I'm all fired up.<FFF5>  Well, there you have it!<FFF5>   You're an honest one, huh? It might be<FF03>fun to watch honesty turn around and<FF03>bite ya",,por_traducir,
talk_basket_00153,87,<FFF5> <FF03> <FFF5>,<FFF5> You'll see whether or not that's<FF03>possible when ya eat my dunk.<FFF5> You've got confidence,,por_traducir,
talk_basket_00155,208,<FFF5> <FFF5> <FFF5> <FF03> <FF03> <FFF5>," Something's up with you.<FFF5>Oh well! Guess I'll do some babysitting.<FFF5>   Oh well. This is why I hate kids.<FFF5>  Huh? That's not it? Sorry, I get all<FF03>hyped up before a game! But my fans<FF03>are welcome anytime.<FFF5>  Hehehe",,por_traducir,
talk_basket_00156,59,<FF03>," So you're okay with anything<FF03>I do to you, right.? Hehehehe",,por_traducir,
talk_basket_00157,716,<FFF5> <FFF5> <FF03> <FFF5> <FF03> <FFF1> <FFF5> <FF03> <FFF5> <FF03> <FFF5> <FF03> <FFF5> <FF03> <FFF5> <FF03> <FFF5> <FF03> <FF03> <FFF5> <FF03> <FFF5> <FF03> <FF03>,"<FFF5>Man, no fair. I hate things like this.<FFF5> Ya wanna get knocked out? I still got<FF03>five fouls to spare.<FFF5> Ah, so I'm a genius after all, eh?<FF03>Then gimme somethin'.<FFF1><FFF5>  Huh? That so? Heck, maybe I'm not that<FF03>bad eh.?<FFF5>Don't be frontin' like you actually<FF03>know. You've never seen me dunk.<FFF5>   Yeah, even humans don't bother dealing<FF03>with weaklings.<FFF5> Hey, hey, hey. You don't know b-ball, do<FF03>you? Come watch me play some time.<FFF5>You still frontin' with lies.?<FF03>That's not good, man.<FFF5>   An honest heart is the key to gettin'<FF03>better. Take my advice, and you'll have<FF03>it made in the shade.<FFF5>I get it, I get it! You can continue<FF03>this conversation in hell!<FFF5>You're an honest one, huh? It might be<FF03>fun to watch honesty turn around and<FF03>bite ya",,por_traducir,
talk_basket_00158,296,<FFF5> <FF03> <FFF5> <FF03> <FFF5> <FF03> <FFF5> <FF03> <FFF5> <FFF5>,"<FFF5> Then stick out your tongue. I'll yank<FF03>it out gently.<FFF5>   Argh. You need a sports buddy! Y'know,<FF03>someone like me.<FFF5>Hahaha. I've seen a lotta guys like<FF03>that. But I'll keep my mouth shut!<FFF5> I'm super pissed. I'm exploding with<FF03>the urge to kill you.<FFF5> Heh. You're on. I'll crush you.<FFF5>Y'know, with girls",,por_traducir,
talk_basket_00159,57,<FF03> <FF03>," It makes me feel<FF03>kinda guilty, so I don't really like<FF03>to",,por_traducir,
talk_basket_00160,173,<FFF5> <FF03> <FFF1> <FFF5> <FF03> <FF03> <FFF5>,"<FFF5>  Don't worry about it! Just gimme<FF03>somethin' and it'll be all good!<FFF1><FFF5> Huh? That's not it? Sorry, I get all<FF03>hyped up before a game! But my fans<FF03>are welcome anytime.<FFF5>  Hehehe",,por_traducir,
talk_basket_00161,59,<FF03>," So you're okay with anything<FF03>I do to you, right.? Hehehehe",,por_traducir,
talk_basket_00162,249,<FFF5> <FFF5> <FF03> <FFF5> <FF03> <FFF5> <FF03>,"<FFF5>Man, no fair. I hate things like this.<FFF5> What.? You don't think the ferocious demon<FF03>side is all there is to me, do you.?<FFF5>Yeah, even humans don't bother dealing<FF03>with weaklings.<FFF5> You're right! It'd be a problem if<FF03>someone died every time I made a shot",,por_traducir,
talk_basket_00163,141,<FF02> <FF04> <FFF5> <FF03> <FFF5>,"<FF02><FF04>Hey, I learned something new today.<FFF5>   It's not okay. What're you thinking.?<FF03>I'm really gonna crush you.<FFF5>  I-Is it really okay to crush you",,por_traducir,
talk_basket_00164,22,, Maybe I don't want to,,por_traducir,
talk_basket_00165,88,<FFF5> <0028> <0028> <FF03> <FF03>,"<FFF5>Whaddaya mean, <0028>What?<0028> I mean, I'm not<FF03>gonna just say whatever. It's not like<FF03>I'm doing",,por_traducir,
talk_basket_00167,156,<FFF5> <FF03> <FFF5> <FF03> <FFF5>,"<FFF5> Hey, stop. It was a lie. A technical<FF03>foul. Don't come near meee.<FFF5>   What the hell.? Don't scare me like<FF03>that. It pisses me off.<FFF5>Don't startle me like that",,por_traducir,
talk_basket_00168,207,<FF03> <FFF5> <FF03> <FFF5> <FF03> <FFF5> <FF03>," It really<FF03>scared me!<FFF5> No, thank you for being born for the<FF03>sole purpose of meeting me.<FFF5>   What the heck.? Say what you mean.<FF03>Man, just forget it.<FFF5>If you put your mind to it, you'll be<FF03>ready for anything. So",,por_traducir,
talk_basket_00169,260,<FF03> <FFF5> <FF03> <FFF5> <FF03> <FFF1> <FFF5> <FF03> <FFF5>," ready to<FF03>experience another world?<FFF5> Hey, you're eating better than I am.<FF03>I'll pull it outta yer stomach.<FFF5>   Huh? Don't cry ,man! Geez! Alright,<FF03>already, I'll finish you off!<FFF1><FFF5> In comedy, ya can't tell a crappy joke<FF03>and then expect an apology to cover it.<FFF5> Hmm",,por_traducir,
talk_basket_00170,103,<FF03> <FFF5> <FF03>, Seems you've got some pride!<FF03>I can dig that!<FFF5>Don't even think about pullin' the wool<FF03>over my eyes. I-I,,por_traducir,
talk_basket_00171,18,<FF03>, I won't be<FF03>fooled,,por_traducir,
talk_basket_00172,577,<FFF5> <FFF5> <FF03> <FF02> <FF04> <FF03> <FFF1> <FFF5> <FF03> <FFF5> <FFF5> <FF03> <FFF5> <FF03> <FFF5> <FF03> <FFF5> <FF03> <FFF5>,"Which means, oh crap.<FFF5>   S-See.? I know everything, man.<FFF5>We're buddies, right? We should go steal<FF03>somethin' together.<FF02><FF04>But before we do that, buddies steal<FF03>from each other all the time.<FFF1><FFF5>  We're buddies already. When I get to the<FF03>pros, you better root for me.<FFF5> Tch. Who'd want a punk like you, anyway?<FFF5>   If you're gonna do that, you may as well<FF03>be my dinner. You're wastin' food.<FFF5>You happy-go-lucky punks don't need to<FF03>bother.<FFF5> Hahaha. I must sound pretty full of<FF03>myself, huh? Well, I AM incredible.<FFF5>Hahaha. I must sound pretty full of<FF03>myself, huh? Well, I AM incredible.<FFF5>Well",,por_traducir,
talk_basket_00173,178,<FF03> <FFF5> <FF03> <FFF5> <0056> <0056> <FF03>," Y'know, overcoming one's self<FF03>is pretty deep.<FFF5>  You must be thrilled to converse with<FF03>an all-star baller, huh.? Hahaha.<FFF5><0056>sigh<0056> I'm opening up my heart to you<FF03>here, gimme a break",,por_traducir,
talk_basket_00174,46,<FFF5> <0056> <0056> <FF03>,<FFF5>   <0056>sigh<0056> I'm opening up my heart to you<FF03>here,,por_traducir,
talk_basket_00175,102,<FFF5> <FF03>," That's no way to treat me.<FFF5>   If that was a joke, I'm supposed to be<FF03>laughing, right? Haaaaaahaha. Hm",,por_traducir,
talk_basket_00176,45,<FF03> <FFF5>,"<FF03>More? HAHAHAHA.<FFF5> Oh, a gag of some sort? Huh",,por_traducir,
talk_basket_00178,25,<FFF5> <0028>,<FFF5>  Whaddaya mean <0028>nothing,,por_traducir,
talk_basket_00179,167,<FF03> <FFF5> <FF03> <FFF5> <FFF5>, I'm gonna pick<FF03>a fight this time.<FFF5>What a stupid attitude. I won't forgive<FF03>ya for tryin' to scare me like that. Geez.<FFF5> Gyahahaha. You really are crazy.<FFF5>   You're crazy,,por_traducir,
talk_basket_00180,65,<FF03> <FFF5>,so I'll be crazy too.<FF03>Bleyeahhagghha. Psssfhht. UGA UGAHH.<FFF5>  What,,por_traducir,
talk_basket_00181,121,<FF03> <FFF5> <FF03>," Why're you laughing.? Argh.<FF03>C'mon, tell me, tell meeee.<FFF5>   You wanna throw down? Let's get it on.<FF03>Kill me if you can. Er",,por_traducir,
talk_basket_00183,34,<FF03>,<FF03>Maybe that's not such a good idea,,por_traducir,
talk_basket_00184,615,<FFF5> <FF03> <FF03> <FFF5> <FF03> <FFF5> <FF03> <FFF5> <FF03> <FF03> <FFF5> <FF03> <FFF5> <FF03> <FFF5> <FFF5> <FF03> <FF02> <FF04> <FF03> <FFF5>,"<FFF5> I get it now. You're the reason the<FF03>team's in shambles. Disagreeable guys<FF03>like you are useless.<FFF5>Oooh, you're a stand-up guy. That makes<FF03>me happy!<FFF5>  So, hand it over. Now. Just give it to<FF03>me, dammit.<FFF5> What.? You tryin' to pawn this off on<FF03>me.? You shouldn't be doin' business<FF03>with demons.<FFF5>Hey, you've got it. My shoes wear out<FF03>fast, so this'll help me out!<FFF5>So you were holding back.? That pisses<FF03>me off. Don't you dare look down on me.<FFF5> Well, then I'm not interested!<FFF5> First off, bring me a soul! We'll split<FF03>it 70-30.<FF02><FF04>Ha. Not like you humans could do that.<FF03>You wouldn't last a day in my entourage.<FFF5> You're a dude",,por_traducir,
talk_basket_00185,43,<FF03>," Not that I'm<FF03>discriminatin', but I'll pass",,por_traducir,
talk_basket_00186,375,<FFF5> <FF03> <FFF5> <FF03> <FFF5> <FF03> <FFF5> <FFF5> <FF03> <FFF5> <FF03> <FFF5>,"<FFF5> Hahaha. C'mon man, quit clownin' me.<FF03>Be honest for once.<FFF5>   You got guts to ignore my question.<FF03>When'd you become such a big shot, huh?<FFF5>Is that so? So you failed a year.?<FF03>Hahaha, sorry to hear that.<FFF5> Well, there ya have it!<FFF5>You'll see whether or not that's<FF03>possible when ya eat my dunk.<FFF5> You'll see whether or not that's<FF03>possible when ya eat my dunk.<FFF5> You've got confidence",,por_traducir,
talk_basket_00188,294,<FFF5> <FFF5> <FFF5> <FFF5> <FF03> <FFF5> <FF03> <FFF5>," Something's up with you.<FFF5>Oh well! Guess I'll do some baby-sitting.<FFF5>  Oh well. This is why I hate kids.<FFF5>  Is that so? Then let's try it out.<FFF5> Heh, what a bull. You see what you want,<FF03>and you charge. I like that.<FFF5>  Well, yeah. If you get it, can't you<FF03>have a little more humility.?<FFF5> Oh, I get it",,por_traducir,
talk_basket_00189,84,<FF03> <FF03>," You're sayin' you wanna<FF03>give me somethin'. Sorry, I was<FF03>confused! So let's see here",,por_traducir,
talk_basket_00190,200,<FFF1> <FFF5> <FF03> <FFF5> <FF03> <FFF5> <FF03> <FFF5> <0028>,"<FFF1><FFF5>Oooh, that makes me happy! Youngsters<FF03>should act more like that.<FFF5>   I'm about to throw a tomahawk jam down<FF03>on your dome.<FFF5>   Ooh, you understand me.? You're not<FF03>such a bad guy.<FFF5>Whaddaya mean, <0028>stupid",,por_traducir,
talk_basket_00191,51,<FF03> <FFF5>," No pain, no<FF03>gain. You just don't get it.<FFF5> N-No way",,por_traducir,
talk_basket_00192,73,<FF03> <FFF5>, There's actually someone who<FF03>doesn't get stunned by my power play?<FFF5> Haha,,por_traducir,
talk_basket_00193,683,<FF03> <FFF5> <FFF5> <FFF5> <FF03> <FF03> <FFF5> <FF03> <FFF5> <FFF5> <FF03> <FFF5> <FFF5> <FF03> <FFF5> <FFF5> <FF03> <FFF5> <FF03> <FFF5> <FF03> <FFF5>," I like your attitude!<FF03>It's interesting!<FFF5>Hahaha. Didn't need to ask, huh.?<FFF5>  Hahaha. Alright, leave it to me.<FFF5>   Is that so? That's how you're gonna<FF03>roll, eh.? You're ready to do this,<FF03>aren't ya.?<FFF5>I don't got time to deal with fools who<FF03>can't understand my appeal.<FFF5>I like your confidence.<FFF5>Ha, don't belittle me. I'm a times<FF03>tables master.<FFF5>  Hahaha. Glad ya noticed.<FFF5>   How nice! I'm surprised you're such a<FF03>gentleman with a face like that!<FFF5> Then forget it!<FFF5>Hey, punk. Don't underestimate me. There<FF03>ain't nothin' I can't do in this world.<FFF5>   You callin' me a shrimp.? I'll dunk on<FF03>your face.<FFF5>  Oh. I love the chicken dance. That's how<FF03>the party gets started, right.? Hahaha.<FFF5>   That's",,por_traducir,
talk_basket_00194,47,<FF03>, a dance? I can't keep up with<FF03>these human fads,,por_traducir,
talk_basket_00195,55,<FFF5> <FF03> <FFF5>,"<FFF5>Oooh, they like it. Way to go, me.<FF03>You're awesome.<FFF5> Oh",,por_traducir,
talk_basket_00197,55,<FF03> <FFF5>, Anyone<FF03>wanna do the New York Hustle with me?<FFF5>No dice? ,,por_traducir,
talk_basket_00198,228,<FF03> <FFF5> <FFF5> <FF03> <FFF5> <FF03> <FFF5>,"Well, whatever! I'm no<FF03>dancer anyway!<FFF5>  Is that so? Then let's try it out.<FFF5> Heh, what a bull. You see what you want,<FF03>and you charge. I like that.<FFF5>  Well, yeah. If you get it, can't you<FF03>have a little more humility.?<FFF5> Oh, I get it",,por_traducir,
talk_basket_00199,83,<FF03> <FF03>," You're sayin' you wanna<FF03>give me somethin'. Sorry,I was<FF03>confused! So let's see here",,por_traducir,
talk_basket_00200,201,<FFF1> <FFF5> <FF03> <FFF5> <FF03> <FFF5> <FF03> <FFF5> <0028>,"<FFF1><FFF5> Oooh, that makes me happy! Youngsters<FF03>should act more like that.<FFF5>   I'm about to throw a tomahawk jam down<FF03>on your dome.<FFF5>   Ooh, you understand me.? You're not<FF03>such a bad guy.<FFF5>Whaddaya mean, <0028>stupid",,por_traducir,
talk_basket_00201,101,<FF03> <FFF5> <FF03>," No pain, no<FF03>gain. You just don't get it.<FFF5> That's a bluff, right? It's no fun if<FF03>the trick is obvious",,por_traducir,
talk_basket_00203,26,," Gimme back my skills, man",,por_traducir,
talk_basket_00204,156,<FFF5> <FF03> <FFF5> <FF03> <FFF5>,"<FFF5>   Hahaha. It's useless. But keep goin'.<FF03>It's funny.<FFF5>  Whoa. If someone as perfect as me has<FF03>any flaws, you better let me know.<FFF5>   You didn't have to be so",,por_traducir,
talk_basket_00205,15,<FF03>, blunt<FF03>about it,,por_traducir,
talk_basket_00206,161,<FFF5> <FF03> <FF03> <FFF5> <FF03>,"<FFF5>  There is something, isn't there.? Are<FF03>my free-throws bad? Do I telegraph my<FF03>shots.?<FFF5>If you say so, I guess I'll have to put<FF03>my foot down. But I'm kinda scared",,por_traducir,
talk_basket_00207,378,<FFF5> <FF03> <FFF5> <FF03> <FFF5> <FF03> <FF03> <FFF5> <FF03> <FFF5> <FF03> <FF03>,"<FFF5>  Huh? That was easy. Tch. Is that all<FF03>you're gonna bring to the table.?<FFF5> You still frontin' with lies.?<FF03>That's not good, man.<FFF5>   An honest heart is the key to gettin'<FF03>better. Take my advice, and you'll have<FF03>it made in the shade.<FFF5>I get it, I get it! You can continue<FF03>this conversation in hell!<FFF5>You're an honest one, huh? It might be<FF03>fun to watch honesty turn around and<FF03>bite ya",,por_traducir,
talk_basket_00208,268,<FFF5> <FF03> <FFF5> <FF03> <FFF5> <FF03> <FFF5> <FF03> <FFF5>,"<FFF5> Then stick out your tongue. I'll yank<FF03>it out gently.<FFF5>   Argh. You need a sports buddy! Y'know,<FF03>someone like me.<FFF5>Hahaha. I've seen a lotta guys like<FF03>that. But I'll keep my mouth shut!<FFF5> I'm super pissed. I'm exploding with<FF03>the urge to kill you.<FFF5> You're a strange chick",,por_traducir,
talk_basket_00209,34,<FF03>, But I find<FF03>that kinda interesting,,por_traducir,
talk_basket_00211,158,<FF03> <FFF5> <FF03> <FF02> <FF04> <FF03> <FFF5>," I might get famous and<FF03>sign a movie deal.<FFF5> You don't get it. This is your chance<FF03>to be a star.<FF02><FF04>In the credits, you'll be listed as<FF03>victim number one.<FFF5>No way",,por_traducir,
talk_basket_00212,140,<FFF5> <FFF5> <FF03> <FFF5> <FF03> <FFF5>,"<FFF5>  Hahaha. Figures.<FFF5>   Stay outta the way of my shots. You get<FF03>hit, ya die.<FFF5>   Wh-Why am I being laughed at.?<FF03>You lied, lady.<FFF5> This can't be",,por_traducir,
talk_basket_00213,31,<FF03>, I'm being laughed at<FF03>by humans,,por_traducir,
talk_basket_00214,188,<FFF5> <FF03> <FFF5> <FF03> <FFF5> <FF03>,"<FFF5> Hahahaha. There's no woman who'd turn<FF03>me down.<FFF5> You're a cold one, lady. That pisses me<FF03>off, gettin' rejected like that.<FFF5>   I don't need your sympathy. So what if<FF03>my only skill is ballin",,por_traducir,
talk_basket_00215,111,<FFF5> <FF03> <FFF5> <FF03>,"<FFF5>  Huh.? Well, aren't we frank.<FF03>I'll crush your throat.<FFF5>   I'm goin' to nationals. Not like<FF03>I wanna be a singer",,por_traducir,
talk_basket_00216,91,<FFF5> <FFF5> <FF03>,"<FFF5>Encore. Encore. Sing another one.<FFF5>  If I made you my slave, I could hear<FF03>that song anytime",,por_traducir,
talk_basket_00217,85,<FF02> <FF04> <FF03> <FFF1> <FFF5>," I'm a genius.<FF02><FF04>But I'm a nice guy, so I'll take<FF03>somethin' else instead!<FFF1><FFF5>Hold on man",,por_traducir,
talk_basket_00218,50,<FF03>," If I keep listening,<FF03>I'll be like a charmed snake",,por_traducir,
talk_basket_00219,167,<FFF5> <FF03> <FFF1> <FFF5> <FF03> <FFF5> <FF03> <FFF5>,"<FFF5>Then I'll do somethin' bad now.<FF03>Gimme somethin'.<FFF1><FFF5>  What's up with that crazy accent.?<FF03>You're weird.<FFF5>   Hahahaha. Guess the jig's up.<FF03>But I ain't a kid, y'know!<FFF5>   Oh",,por_traducir,
talk_basket_00220,54,<FF03>," You wanna fight? Well, I ain't<FF03>much for violence, but",,por_traducir,
talk_basket_00221,60,<FFF5> <FF03>,"<FFF5> So you're jealous of the genius, huh?<FF03>That's pathetic, man",,por_traducir,
talk_basket_00222,79,<FFF5> <FF03> <FFF5>,<FFF5>  Hahaha. It's no use. This guy's off in<FF03>la-la land.<FFF5> That's good to know. But,,por_traducir,
talk_basket_00223,73,<FF03> <FF03> <FFF5>," I ain't<FF03>gonna forgive ya for treatin' me like a<FF03>child, y'hear.?<FFF5>What.? I",,por_traducir,
talk_basket_00224,188,<FFF5> <FF03> <FFF5> <FFF5> <FF03> <FF03>," I. I'm chasing the dream.<FFF5>  Huh? Ya really think so? Alright, I'll<FF03>do it.<FFF5>  Well, there you have it!<FFF5>   You're an honest one, huh? It might be<FF03>fun to watch honesty turn around and<FF03>bite ya",,por_traducir,
talk_basket_00225,278,<FFF5> <FF03> <FFF5> <FF03> <FF03> <FFF5> <FF03> <FFF5> <FFF5>,"<FFF5> I guess I'm gonna hafta break you off a<FF03>little sumthin' sumthin'.<FFF5>  I don't mind if you're serious, but you<FF03>should know, I'm already married to<FF03>the hoop.<FFF5>  You ain't worthy to speak to the super-<FF03>star of the basketball world.<FFF5>  Oh well. This is why I hate kids.<FFF5>  You're right",,por_traducir,
talk_basket_00226,21,, I probably shouldn't,,por_traducir,
talk_basket_00228,126,<FF03> <FFF5> <FF03> <FFF5>, I like your attitude!<FF03>It's interesting!<FFF5>Hahaha. You've got a level head on your<FF03>shoulders. I like that.<FFF5>What the heck are you,,por_traducir,
talk_basket_00229,24,<FF03>, Aren't you<FF03>afraid of me,,por_traducir,
talk_basket_00230,41,<FFF5> <FF03>,"<FFF5>  Well, I ain't too big on violence,<FF03>but",,por_traducir,
talk_basket_00231,183,<FFF5> <FFF5> <FF03> <FFF5> <FFF5> <FFF5>,"<FFF5> What.? That ticks me off.<FFF5>  Huh? What that's about a kitchen? Wait.<FF03>You're not gonna eat me, are you?<FFF5>  Oh, is that so.? Then I hate you too.<FFF5>  Well, there you have it!<FFF5>   Let's see",,por_traducir,
talk_basket_00232,258,<FF03> <FFF1> <FFF5> <FF03> <FFF5> <FFF5> <FF03> <FF03> <FFF5>," Gimme somethin', and I'll<FF03>think about it!<FFF1><FFF5>Lay off, woman. I ain't gonna let my<FF03>dreams get shaken by no perfume.<FFF5>  Hahaha. That's right. I AM a star, huh?<FFF5>What the heck.? Weren't we gonna do<FF03>somethin' awesome.? You were toyin' with<FF03>me, weren't you.?<FFF5> No way",,por_traducir,
talk_basket_00233,60,<FF03>,You aren't diggin' me?<FF03>I didn't know girls like that existed,,por_traducir,
talk_basket_00234,221,<FFF5> <FF03> <FFF5> <FFF5> <FFF5> <FF03> <FFF5>,"<FFF5>   That was a quick reversal. Those were<FF03>crocodile tears, then, eh.?<FFF5>  Oh, I'm just glad I could make ya happy.<FFF5>   Whoa. Not bad, man. I like ya.<FFF5> Huh.? I piss you off.? I'm about to<FF03>make you cry for real.<FFF5> For real? Hmm",,por_traducir,
talk_basket_00235,23,<FFF5>, Oh well!<FFF5>  Which means,,por_traducir,
talk_basket_00236,39,<FF03>, That was a lie?<FF03>You're one scary chick,,por_traducir,
talk_basket_00237,78,<FFF5> <FF03> <FFF5>,<FFF5>   What's with this chick? She crazy or<FF03>somethin'?<FFF5>I didn't mean it like that,,por_traducir,
talk_basket_00238,33,<FF03>, It hurts<FF03>knowing how wrong I was,,por_traducir,
talk_basket_00239,15,<FFF5>,<FFF5>  You're right,,por_traducir,
talk_basket_00240,21,, I probably shouldn't,,por_traducir,
talk_basket_00241,158,<FFF5> <FF03> <FFF5> <FF03> <FFF5>,"<FFF5>Heh, what a bull. You see what you want,<FF03>and you charge. I like that.<FFF5>  Hahaha. You've got a level head on your<FF03>shoulders. I like that.<FFF5>What the heck are you",,por_traducir,
talk_basket_00242,24,<FF03>, Aren't you<FF03>afraid of me,,por_traducir,
talk_basket_00243,253,<FFF5> <FF03> <FFF5> <FFF5> <FF03> <FFF5> <FFF5> <FFF5>,"<FFF5>  Oooh, that makes me happy! Youngsters<FF03>should act more like that.<FFF5>   What.? That ticks me off.<FFF5>  Huh? What that's about a kitchen? Wait.<FF03>You're not gonna eat me, are you?<FFF5>  Oh, is that so.? Then I hate you too.<FFF5>  Hahaha. You a fool or somethin'?<FFF5>   Oh",,por_traducir,
talk_basket_00244,54,<FF03>," You wanna fight? Well, I ain't<FF03>much for violence, but",,por_traducir,
talk_basket_00245,606,<FFF5> <FF03> <FFF5> <FF03> <FFF5> <FF03> <FFF5> <FFF5> <FF03> <FFF5> <FF03> <FFF5> <FF03> <FFF5> <FF03> <FFF5> <FF03> <FFF5>,"<FFF5> Want me to set that annoying attitude<FF03>of yours straight.?<FFF5>  What's up with that attitude? You tryin'<FF03>to make a fool outta a genius?<FFF5>That's right. It's not okay. Got it?<FF03>So don't do that again!<FFF5>   Do we have really bad chemistry.?<FFF5>  Hahaha. You've got composure. You'd<FF03>make a great shooting guard.<FFF5>   You can't stop. If you stop in the<FF03>middle, damn it, I won't forgive you.<FFF5>   You're a bully, aren't ya.? I, the hero<FF03>of the school, will take you down.<FFF5> You got guts to ignore my question.<FF03>When'd you become such a big shot, huh?<FFF5>Sorry 'bout that. But still, you're<FF03>pretty mature for a high schooler.<FFF5> Whoa",,por_traducir,
talk_basket_00246,24,, She's a real dominatrix,,por_traducir,
talk_basket_00247,97,<FFF5> <FF03> <FFF5>,<FFF5> People like you annoy me. I hate it when<FF03>fools don't know themselves.<FFF5>  Don't drag me into this,,por_traducir,
talk_basket_00248,104,<FFF5> <FFF5> <FF03> <FFF5>,<FFF5> You want me to dunk on your face.?<FFF5> Hahaha. You tell it like it is. That's<FF03>refreshing in a woman!<FFF5>  Oh,,por_traducir,
talk_basket_00249,54,<FF03>," You wanna fight? Well, I ain't<FF03>much for violence, but",,por_traducir,
talk_basket_00250,212,<FFF5> <FF03> <FFF5> <FF03> <FFF5> <FF03> <FFF5>,"<FFF5> No difference.? You don't understand age<FF03>in demon years, do you.?<FFF5>  No, it's not okay. I'll serve justice<FF03>to fools like you.<FFF5>   That's right. It's not okay. Got it?<FF03>So don't do that again!<FFF5>   This chick's crazy",,por_traducir,
talk_basket_00251,114,<FFF5> <FFF5> <FF03> <FFF5>,"<FFF5>  Hahaha. Don't be so shy.<FFF5>   You can't stop. If you stop in the<FF03>middle, damn it, I won't forgive you.<FFF5>   Why not",,por_traducir,
talk_basket_00252,48,<FF03>, You'd be able to watch my<FF03>godly plays every day,,por_traducir,
talk_basket_00253,70,<FFF5> <FF03> <FFF5>,<FFF5> Really? Then I'll show you what fear is<FF03>all about.<FFF5> What a mean girl,,por_traducir,
talk_basket_00254,27,<FF03>, But I'm kinda<FF03>diggin' that,,por_traducir,
talk_basket_00255,78,<FFF5> <FFF5> <FF03>,<FFF5>  What's up with this guy?<FFF5>   But it's all about playin' it cool and<FF03>kind now,,por_traducir,
talk_basket_00256,145,<FFF5> <FFF5> <FF03> <FFF5>," Is it the end of my era?<FFF5>You can block my dunks.? Incredible.<FFF5>   You wanna eat my jump shot? You'll<FF03>have a flat face.<FFF5>   Well, you say that, but",,por_traducir,
talk_basket_00257,32,<FF03>," I mean, I am<FF03>a demon, after all",,por_traducir,
talk_basket_00258,65,<0056> <0056> <FFF5> <FF03>," <0056>cough<0056><FFF5> You like baseball, then? Well, if Mike<FF03>did it, so can I",,por_traducir,
talk_basket_00259,146,<FFF5> <FFF5> <FFF5> <FF03> <FFF5>,<FFF5> You're demonic. I like that.<FFF5>   You're demonic. I like that.<FFF5>   What's with this guy? Didn't you come<FF03>to negotiate?<FFF5>Ignored again! What the hell,,por_traducir,
talk_basket_00260,32,<FFF5>,<FFF5>   Ignored again! What the hell,,por_traducir,
talk_basket_00261,59,<FFF5> <FFF5> <FFF5>,<FFF5>   I'm pissed.<FFF5>Really.? Then I'll be hated even more.<FFF5> Ugh,,por_traducir,
talk_basket_00262,51,<0056> <0056> <FFF5> <FF03>, <0056>cough<0056><FFF5> This dude's scarier than the team<FF03>captain,,por_traducir,
talk_basket_00263,131,<FFF5> <FFF5> <FFF5> <FF03> <FFF5>,"<FFF5>   I don't wanna die, dumbass.<FFF5><FFF5>Heh, what a bull. You see what you want,<FF03>and you charge. I like that.<FFF5> Oh, well, I'll say it again",,por_traducir,
talk_basket_00264,105,<FF03> <FFF1> <FFF5> <FFF5> <FFF5>," Gimme<FF03>somethin'.<FFF1><FFF5>   That's when I punch you.<FFF5>   That's when I punch you.<FFF5>   Oh, well, I'll say it again",,por_traducir,
talk_basket_00265,178,<FF03> <FFF1> <FFF5> <FF03> <FFF5> <FF03> <FFF5> <FFF5>, Gimme<FF03>somethin'.<FFF1><FFF5>   Why don't you know? You some kinda<FF03>sheep without a will of your own?<FFF5>   Wanna race? An athlete like me's gonna<FF03>be faster than you.<FFF5> Quit lyin'.<FFF5>You're crazy,,por_traducir,
talk_basket_00266,73,<FF03> <FFF5>,so I'll be crazy too.<FF03>Bleyeahhagghha. Psssfhht. UGA UGAHH.<FFF5>  You're crazy,,por_traducir,
talk_basket_00267,79,<FF03> <FFF5> <0028>,"so I'll be crazy too.<FF03>Bleyeahhagghha. Psssfhht. UGA UGAHH.<FFF5>  Whaddaya mean, <0028>Ha",,por_traducir,
talk_basket_00268,24,<FF03>, You're pretty<FF03>confident,,por_traducir,
talk_basket_00269,63,<FFF5> <FF03>,<FFF5> You wanna throw down? Let's get it on.<FF03>Kill me if you can. Er,,por_traducir,
talk_basket_00271,34,<FF03>,<FF03>Maybe that's not such a good idea,,por_traducir,
talk_basket_00272,426,<FFF5> <FF03> <FFF5> <FFF5> <FFF5> <FFF5> <FF03> <FFF5> <FF03> <FFF5> <FFF5> <FFF5> <FFF5>,"<FFF5> Don't look down on me. I ain't goin' down<FF03>without a fight.<FFF5> I don't like that trait!<FFF5>   Tch, that's a lie, loser.<FFF5>  You can't stand me liking you that much.?<FFF5>  What the heck.? And here I was startin'<FF03>to like you. You're mean, man.<FFF5> What the heck.? And here I was startin'<FF03>to like you. You're mean, man.<FFF5> I won't do anything!<FFF5>   Sounds fishy, but I'll trust you!<FFF5>  Sounds fishy, but I'll trust you!<FFF5>  I won't do anything, but",,por_traducir,
talk_basket_00273,24,<FF03>," that's<FF03>just creepy, man",,por_traducir,
talk_basket_00274,279,<FFF5> <FF03> <FFF5> <FF03> <FFF5> <FF03> <FFF5> <FF03> <FFF5> <FF03>,"<FFF5> You're incredible, man. Do it for me<FF03>next time.<FFF5>That's more like it. That's how a man<FF03>should be.<FFF5>   What's up with that smirk.? You mockin'<FF03>me.? Huh.?<FFF5> That part about bein' a scout is a lie.<FF03>You're out to capture demons.<FFF5>  What genius gave this guy a sharp<FF03>object.? He's whack",,por_traducir,
talk_basket_00275,90,<FFF5> <FF03> <FFF5> <0028> <0028> <FF03>,"<FFF5>   Then why are you all up in arms?<FF03>You're weird.<FFF5> Whaddaya mean, <0028>Where?<0028> Over there.<FF03>Er",,por_traducir,
talk_basket_00276,59,<FF03> <FFF5>," Over here? You idiot, how you've<FF03>got me lost too.<FFF5>To think",,por_traducir,
talk_basket_00277,42,<FF03>, Someone exists who speaks<FF03>to me like this,,por_traducir,
talk_basket_00278,29,<FF03>," I'm happy, but kinda<FF03>sad too",,por_traducir,
talk_basket_00279,251,<FFF5> <FF03> <FF03> <FFF5> <FF03> <FFF5> <FF03> <FFF5>,"<FFF5>   If an apology is all it takes, you<FF03>wouldn't need the police. That's what a<FF03>human would say, right.?<FFF5>You don't mind, huh.? Humans are so much<FF03>cuter when they're honest.<FFF5>Yeah, see? It's best not to get in<FF03>the way.<FFF5>Y-You may be tryin' to s-s-scare me",,por_traducir,
talk_basket_00280,25,<FF03>,<FF03>B-B-But it's u-u-useless,,por_traducir,
talk_basket_00281,49,<FFF5> <FF03>,"<FFF5> Huh? Really? Well, if you say so, maybe<FF03>I'll go",,por_traducir,
talk_basket_00282,517,<FFF5> <FF03> <FFF5> <FF03> <FFF5> <FF03> <FF03> <FFF5> <FF03> <FFF5> <FF03> <FFF5> <FF03> <FFF5> <FF03>,"<FFF5> Hahaha. Well, duh. There's no such<FF03>thing. Still, that pisses me off.<FFF5>   Hahaha. Well, yeah. If there was a game,<FF03>there's no way I wouldn't know about it.<FFF5>  You're just stingy. Don't tell me you<FF03>don't have anything now, 'cause I'll<FF03>kill you.<FFF5>   As long as people like you are around,<FF03>the demon business is safe. Thanks, man.<FFF5>Then don't just think about it. Do it.<FF03>You youngsters are all talk.<FFF5>Am I supposed to come pick up empty soda<FF03>cans with you? Too bad, I'm a bad guy.<FFF5>Is that right? Well, if I can be of<FF03>service",,por_traducir,
talk_basket_00283,45,<FFF5> <FF03>,"<FFF5> Is that right? Well, if I can be of<FF03>service",,por_traducir,
talk_basket_00285,29,," Well, if you really think so",,por_traducir,
talk_basket_00286,114,<FFF5> <FFF5> <FF03> <FFF5>,"<FFF5>Ooh, that sounds cool. Lemme copy you.<FFF5> Ooh, that's cool. Let's destroy the<FF03>world, then--Huh? No?<FFF5>  That was cold",,por_traducir,
talk_basket_00287,130,<FFF5> <FF03> <FFF5>, Y-You're mean.<FFF5>Why you gotta put things all cold-like.?<FF03>You don't understand demons at all.<FFF5>   Huh? You're worried about me? Damn,,por_traducir,
talk_basket_00288,35,<FF03>,<FF03>I'm feelin' all warm and fuzzy now,,por_traducir,
talk_basket_00289,97,<FFF5> <FF03> <FFF5>,<FFF5>I-I-I knew it. I'm gonna die. Or get<FF03>locked away for good.<FFF5> Was that supposed to be funny? C'mon,,por_traducir,
talk_basket_00290,31,<FF03>,"<FF03>you gotta laugh, or you'll die",,por_traducir,
talk_basket_00291,91,<FFF5> <FF03> <FFF5>,"<FFF5>  That was hilarious. But I ain't lettin'<FF03>down my guard, either.<FFF5> Ha, brings back memories",,por_traducir,
talk_basket_00292,23,<FF03>, I used to<FF03>be like that,,por_traducir,
talk_basket_00293,97,<FFF5> <FF03>," Maybe I should try again.<FFF5>So it's something you need to do, even<FF03>though you don't want to? I see",,por_traducir,
talk_basket_00294,221,<FFF5> <FF03> <FFF5> <FF03> <FFF5> <FF03> <FFF5> <FF03>,"<FFF5>  You don't know? I won't be used by a<FF03>loser like this.<FFF5>  Arrrrgh. What're you doing.? You're not<FF03>human. Ahhh, s-stop.<FFF5>   Y-You serious.? No kiddin' around.<FF03>You sure it's okay.?<FFF5>I'm happy, but, kinda sad at the same<FF03>time",,por_traducir,
talk_basket_00295,16,, This is complex,,por_traducir,
talk_basket_00296,46,<FFF5> <FF03>,"<FFF5>   I'm happy, but, kinda sad at the same<FF03>time",,por_traducir,
talk_basket_00297,16,, This is complex,,por_traducir,
talk_basket_00299,93,<FFF5> <FFF5> <FFF5> <FFF5> <FFF5>,<FFF5>   That's too bad!<FFF5>You can't do it!<FFF5>   You can't do it!<FFF5>   Don't worry.<FFF5>   I'm not very sure,,por_traducir,
talk_basket_00300,21,<FFF5>,<FFF5>   I'm not very sure,,por_traducir,
talk_basket_00301,69,<FFF5> <FFF5> <FFF5> <FFF5> <FFF5> <FFF5> <FFF5>,<FFF5>   Yeah!<FFF5>  Yeah!<FFF5>  No!<FFF5>Flatter<FFF5>Intimidate<FFF5> Intimidate<FFF5> Must be rough,,por_traducir,
talk_basket_00302,49,<FFF5> <FFF5> <FFF5>,<FFF5>   So what?<FFF5>   That's impossible!<FFF5> It could work,,por_traducir,
talk_basket_00303,260,<FFF5> <FFF5> <FFF5> <FFF5> <FFF5> <FFF5> <FFF5> <FFF5> <FFF5> <FFF5> <FFF5> <FFF5> <FFF5> <FFF5> <FFF5> <FFF5>,"<FFF5>   That's too bad!<FFF5>You can't do it!<FFF5>   You can't do it!<FFF5>   Come with us anyway!<FFF5>   Cancel practice!<FFF5>   That's not true!<FFF5>   You're right!<FFF5>  You're right!<FFF5>  Quit<FFF5>   Sing loudly<FFF5>Quit<FFF5>   Sing more<FFF5>  Sing more<FFF5>  That's impossible!<FFF5> I'll cheer you on.<FFF5> Aww, too bad",,por_traducir,
talk_basket_00304,74,<FFF5> <FFF5> <FFF5> <FFF5>,<FFF5>That's impossible!<FFF5> That's impossible!<FFF5> Don't worry.<FFF5>   I'm not very sure,,por_traducir,
talk_basket_00305,21,<FFF5>,<FFF5>   I'm not very sure,,por_traducir,
talk_basket_00306,207,<FFF5> <FFF5> <FFF5> <FFF5> <FFF5> <FFF5> <FFF5> <FFF5> <FFF5> <FFF5> <FFF5> <FFF5> <FFF5>,<FFF5>   That's not true.<FFF5>   You knew?<FFF5>  You knew?<FFF5>  You.? A genius.?<FFF5>   I love smart guys.<FFF5> I love smart guys.<FFF5> That's right.<FFF5>  That's right.<FFF5>  You sure?<FFF5>  It's not a lie.<FFF5>Thank you.<FFF5> It's not a lie.<FFF5>I was lying,,por_traducir,
talk_basket_00307,13,<FFF5>,<FFF5> I was lying,,por_traducir,
talk_basket_00308,63,<FFF5> <FFF5> <FFF5> <FFF5>,<FFF5> Yeah.<FFF5>  That's not true!<FFF5>   That's not true!<FFF5>   It's barbaric,,por_traducir,
talk_basket_00310,232,<FFF5> <FFF5> <FFF5> <FFF5> <FFF5> <FFF5> <FFF5> <FFF5> <FFF5> <FFF5> <FFF5> <FFF5> <FFF5> <FFF5> <FFF5>,<FFF5>   Sorry about that!<FFF5>  That's not true.<FFF5>   You knew?<FFF5>  You knew?<FFF5>  That's not true.<FFF5>   That's not true.<FFF5>   Don't come then.<FFF5>   Okay.<FFF5>  Okay.<FFF5>  You'll crush what?<FFF5> Show me!<FFF5>   I was joking!<FFF5>  I was joking!<FFF5>  Glad to hear that!<FFF5> Whoa,,por_traducir,
talk_basket_00311,21,<FFF5>, You serious?<FFF5>   Whoa,,por_traducir,
talk_basket_00312,42,<FFF5> <FFF5> <0056> <0056> <FFF5>, You serious?<FFF5>   Hahahaha.<FFF5>  <0056>sigh<0056><FFF5> Sorry,,por_traducir,
talk_basket_00313,122,<FFF5> <FFF5> <FFF5> <FFF5> <FFF5> <FFF5> <FFF5> <FFF5> <FFF5>,"<FFF5>   Don't mess with me.<FFF5>Not at all!<FFF5>You got me.<FFF5>You got me.<FFF5>Sure thing!<FFF5>Sure thing!<FFF5>Screw that!<FFF5>Well, yeah!<FFF5>I have nothing",,por_traducir,
talk_basket_00314,224,<FFF5> <FFF5> <FFF5> <FFF5> <FFF5> <FFF5> <FFF5> <FFF5> <FFF5> <FFF5> <FFF5> <FFF5> <FFF5> <FFF5>,<FFF5>  Okay.<FFF5>  Okay.<FFF5>  Who you gonna beat?<FFF5>Glad to hear that!<FFF5> You're old-fashioned!<FFF5>  You're old-fashioned!<FFF5>  It's a new gag!<FFF5>It's a new gag!<FFF5>Never mind!<FFF5>Never mind!<FFF5>Cut the crap.<FFF5>  Cut the crap.<FFF5>  Hahahaha.<FFF5>  Now let's do this,,por_traducir,
talk_basket_00315,21,<FFF5>,<FFF5>   Now let's do this,,por_traducir,
talk_basket_00316,40,<FFF5> <FFF5> <FFF5> <FFF5>,<FFF5>   Very well!<FFF5> Very well!<FFF5> Buy it!<FFF5>I do,,por_traducir,
talk_basket_00318,136,<FFF5> <FFF5> <FFF5> <FFF5> <FFF5> <FFF5> <FFF5> <FFF5> <FFF5>,<FFF5> Very well!<FFF5> Very well!<FFF5> I refuse.<FFF5>  I don't know!<FFF5>  I don't know!<FFF5>  Quite regrettable!<FFF5> You cannot do it!<FFF5>  You cannot do it!<FFF5>  Simple,,por_traducir,
talk_basket_00321,99,<FFF5> <FFF5> <FFF5> <FFF5> <FFF5> <FFF5>,<FFF5>  I know!<FFF5>You're mistaken!<FFF5>   You're right!<FFF5>  You're right!<FFF5>  You've seen much!<FFF5>  Hmph! How stupid,,por_traducir,
talk_basket_00323,95,<FFF5> <FFF5> <FFF5> <FFF5> <FFF5> <FFF5> <FFF5>,<FFF5>  You're right!<FFF5>  You're right!<FFF5>  How ridiculous!<FFF5>How ridiculous!<FFF5>You're right!<FFF5>  I know!<FFF5>Haha,,por_traducir,
talk_basket_00324,13,<FFF5>, Irony?<FFF5> Haha,,por_traducir,
talk_basket_00325,278,<FFF5> <FFF5> <FFF5> <FFF5> <FFF5> <FFF5> <FFF5> <FFF5> <FFF5> <FFF5> <FFF5> <FFF5> <FFF5> <FFF5> <FFF5> <FFF5> <FFF5>," Irony?<FFF5> I'll tell you!<FFF5> You can't handle it!<FFF5>   You can't handle it!<FFF5>   That's right!<FFF5>  That's right!<FFF5>  It's a dance!<FFF5>  That's cool.<FFF5>   Oh crap!<FFF5>   Oh crap!<FFF5>   Yeah!<FFF5>  Yeah!<FFF5>  Not at all!<FFF5>Hearin' things?<FFF5>What's that, punk.?<FFF5>What's that, punk.?<FFF5>That's rough, man!<FFF5> This's stupid",,por_traducir,
talk_basket_00326,78,<FFF5> <FFF5> <FFF5> <FFF5> <FFF5> <FFF5>,"<FFF5>   Already taken!<FFF5> Already taken!<FFF5> I should practice!<FFF5> Yeah.<FFF5>  Yeah.<FFF5>  Uh, no",,por_traducir,
talk_basket_00329,496,<FFF5> <FFF5> <FFF5> <FFF5> <FFF5> <FFF5> <FFF5> <FFF5> <FFF5> <FFF5> <FFF5> <FFF5> <FFF5> <FFF5> <FFF5> <FFF5> <FFF5> <FFF5> <FFF5> <FFF5> <FFF5> <FFF5> <FFF5> <FFF5> <FFF5> <FFF5> <FFF5> <FFF5> <FFF5> <FFF5> <FFF5> <FFF5> <FFF5> <FFF5>,"<FFF5>It's not a lie!<FFF5>Thanks!<FFF5>It's not a lie.<FFF5>Hehe, I was lying!<FFF5> Hehe, I was lying!<FFF5> Maybe!<FFF5> Never seen it!<FFF5> Never seen it!<FFF5> Thank you very much!<FFF5>   I decline!<FFF5> I decline!<FFF5> It IS true!<FFF5>Yes, I created it!<FFF5> Yes!<FFF5>   It's a funny story!<FFF5>It's a funny story!<FFF5>Please!<FFF5>I decline!<FFF5> I'm not tone deaf!<FFF5> You're correct!<FFF5>You're correct!<FFF5>Quit<FFF5>   Sing more<FFF5>  Sing more<FFF5>  Yes!<FFF5>   No!<FFF5>That's traveling!<FFF5>  Nothing, really!<FFF5>   Nothing, really!<FFF5>   Oh realllly?<FFF5>   I'm quite sane.<FFF5>That's impossible!<FFF5> Wonderful.<FFF5> Too bad",,por_traducir,
talk_basket_00330,106,<FFF5> <FFF5> <FFF5> <FFF5> <FFF5> <FFF5>,<FFF5> That's impossible!<FFF5> That's impossible!<FFF5> That was a joke!<FFF5>   I'm serious!<FFF5>   I'm serious!<FFF5>   Losing sucks,,por_traducir,
talk_basket_00331,137,<FFF5> <FFF5> <FFF5> <FFF5> <FFF5> <FFF5> <FFF5> <FFF5>,"<FFF5>That's prejudice!<FFF5>  That's prejudice!<FFF5>  That's right!<FFF5>  You're stupid!<FFF5> You're stupid!<FFF5> C'mon, it sucks!<FFF5>   I hate it!<FFF5> I'm disappointed",,por_traducir,
talk_basket_00334,222,<FFF5> <FFF5> <FFF5> <FFF5> <FFF5> <FFF5> <FFF5> <FFF5> <FFF5> <FFF5> <FFF5> <FFF5>,<FFF5> I'm super psyched.<FFF5> What do I do now?<FFF5>  What do I do now?<FFF5>  Thank you.<FFF5> Thank you.<FFF5> I was fake crying.<FFF5> That makes me mad.<FFF5> I'm not a kid.<FFF5> You believed that?<FFF5> You don't believe me?<FFF5>  You don't believe me?<FFF5>  Losing sucks,,por_traducir,
talk_basket_00335,13,<FFF5>,<FFF5>Losing sucks,,por_traducir,
talk_basket_00336,733,<FFF5> <FFF5> <FFF5> <FFF5> <FFF5> <FFF5> <FFF5> <FFF5> <FFF5> <FFF5> <FFF5> <FFF5> <FFF5> <FFF5> <FFF5> <FFF5> <FFF5> <FFF5> <0056> <0056> <FFF5> <FFF5> <FFF5> <FFF5> <FFF5> <FFF5> <FFF5> <FFF5> <FFF5> <FFF5> <FFF5> <FFF5> <FFF5> <FFF5> <FFF5> <FFF5> <FFF5> <FFF5> <FFF5> <FFF5> <FFF5> <FFF5> <FFF5> <FFF5> <FFF5>,"<FFF5>That's prejudice!<FFF5>  That's right!<FFF5>  You're stupid!<FFF5> You're stupid!<FFF5> C'mon, it sucks!<FFF5>   I hate it!<FFF5> I'll scare ya!<FFF5> We'll see!<FFF5> We'll see!<FFF5> We'll see!<FFF5> I'm hating!<FFF5>I'm hating!<FFF5>That's right!<FFF5>  Don't screw with me.<FFF5>   Don't screw with me.<FFF5>   We'll see!<FFF5> You're rude!<FFF5>   <0056>chuckle<0056><FFF5>  I'm not pretending!<FFF5>Can ya wait 10 years?<FFF5>  You don't get it!<FFF5>  What a kid!<FFF5>Makes no difference!<FFF5>   Makes no difference!<FFF5>   You piss me off!<FFF5>   There's no reason!<FFF5> There's no reason!<FFF5> Haha, cut it out!<FFF5>  No way!<FFF5>No way!<FFF5>Then gimme something!<FFF5>  Then gimme something!<FFF5>  No way!<FFF5>I'll intercept it!<FFF5> I'll intercept it!<FFF5> Like you could do it!<FFF5>  How un-demonlike!<FFF5>  I'm hatin'!<FFF5>I'm hatin'!<FFF5>Then gimme something!<FFF5>  Then gimme something!<FFF5>  I can't hear you!<FFF5>  ",,por_traducir,
talk_basket_00337,240,<FFF5> <FFF5> <0A89> <FFF5> <FFF5> <FFF5> <FFF5> <FFF5> <FFF5> <FFF5> <FFF5> <FFF5> <FFF5> <FFF5> <FFF5> <FFF5> <FFF5> <FFF5>,"<FFF5> Shut up.<FFF5><0A89>  How hateable!<FFF5>  Just scram!<FFF5>Just scram!<FFF5>So you wanna die?<FFF5>  So you wanna die?<FFF5>  Can't hear you!<FFF5>Me!<FFF5>Seems that way!<FFF5>Can't hear you!<FFF5>Can't hear you!<FFF5>I don't know.<FFF5>  Shut up, damn it.<FFF5>  I'm not crazy!<FFF5> Gaaaaaaah.<FFF5> Gaaaaaaah.<FFF5> Ha",,por_traducir,
talk_basket_00340,110,<FFF5> <FFF5> <FFF5> <FFF5> <FFF5> <FFF5> <0A89> <FFF5> <FFF5> <FFF5>,<FFF5>  Quit buggin' me!<FFF5>   Quit buggin' me!<FFF5>   Quit buggin' me!<FFF5>   So what?<FFF5>   No!<FFF5><0A89>   No!<FFF5>So what!<FFF5><FFF5>  Time to die,,por_traducir,
talk_basket_00342,411,<FFF5> <FFF5> <FFF5> <FFF5> <FFF5> <FFF5> <FFF5> <FFF5> <FFF5> <FFF5> <FFF5> <FFF5> <FFF5> <FFF5> <FFF5> <FFF5> <FFF5> <FFF5> <FFF5> <FFF5> <FFF5> <FFF5> <FFF5> <FFF5> <FFF5> <FFF5>,"<FFF5>  A scout!<FFF5>   A killer!<FFF5>  Dance practice!<FFF5>Huh? Where?<FFF5>Shut up.<FFF5>   Sorry!<FFF5> I don't mind!<FFF5>  That'd be bad!<FFF5> You're dangerous too!<FFF5>  Will you come too?<FFF5> Nah!<FFF5>   Nah!<FFF5>   It's a secret.<FFF5> Not a bit!<FFF5> Well, yeah!<FFF5>Care to join us?<FFF5>   I've got business!<FFF5> I've got business!<FFF5> Why ya going home?<FFF5> Go home.<FFF5>   Let's wreak havoc.<FFF5> Fine, go nuts alone!<FFF5>   Fine, go nuts alone!<FFF5>   It's dangerous.<FFF5>Wow, you got it!<FFF5>   A spider",,por_traducir,
talk_basket_00343,89,<FFF5> <FFF5> <FFF5> <FFF5> <FFF5> <FFF5> <FFF5> <FFF5> <2001> <2101>,<FFF5>Just a human!<FFF5>  I do!<FFF5>  I don't!<FFF5>   I don't know!<FFF5>  The XXX<FFF5>The OOOO<FFF5>   The OOOO<FFF5>   <2001><2101> `,,por_traducir,
